{
  "variant_id": "65_womack_random_acts",
  "run_id": "definitive",
  "steps_logged": 4000,
  "max_abs_roll": 0.06562731533369176,
  "max_abs_pitch": 0.2840115605571757,
  "upright_fraction": 1.0,
  "delta": {
    "dx": -11.561286492389033,
    "dy": 4.182098117147426,
    "dz": -0.21219297909181933
  },
  "final_rpy": {
    "r": -0.0006900389525949771,
    "p": -0.10102016039376663,
    "y": -0.4126882181174909
  }
}