{
  "variant_id": "65_womack_random_acts",
  "run_id": "persona_telemetry_20260210_115200_r00",
  "steps_logged": 400,
  "max_abs_roll": 0.05521085552471361,
  "max_abs_pitch": 0.2754124671725461,
  "upright_fraction": 1.0,
  "delta": {
    "dx": -11.561286349183156,
    "dy": 4.182097222415738,
    "dz": -0.2122029834521586
  },
  "final_rpy": {
    "r": -0.0006900389525949771,
    "p": -0.10102016039376663,
    "y": -0.4126882181174909
  }
}
