{
  "variant_id": "35_evolved_curie",
  "run_id": "definitive",
  "steps_logged": 4000,
  "max_abs_roll": 0.3705278640982449,
  "max_abs_pitch": 0.5757317864987925,
  "upright_fraction": 1.0,
  "delta": {
    "dx": 24.28286833867474,
    "dy": -17.503808561852722,
    "dz": -0.1472377860727696
  },
  "final_rpy": {
    "r": -0.023303579527807244,
    "p": 0.23821614578924868,
    "y": -1.0347313966567206
  }
}