{
  "variant_id": "55_skew_crab",
  "run_id": "all_telemetry_20260210_121608_r00",
  "steps_logged": 400,
  "max_abs_roll": 0.16021101204557775,
  "max_abs_pitch": 0.5689237636022872,
  "upright_fraction": 1.0,
  "delta": {
    "dx": 9.78350888645472,
    "dy": -13.711764228538502,
    "dz": -0.06262388823159548
  },
  "final_rpy": {
    "r": 2.7188263685333498e-05,
    "p": -0.05279697894179817,
    "y": 2.934495661463048
  }
}
