{
  "variant_id": "60_fibonacci_phyllotaxis",
  "run_id": "persona_telemetry_20260210_115159_r00",
  "steps_logged": 400,
  "max_abs_roll": 3.140239050244182,
  "max_abs_pitch": 1.5291831997502434,
  "upright_fraction": 0.0925,
  "delta": {
    "dx": 9.723601744985203,
    "dy": 13.337870469948962,
    "dz": -1.0000100369582892
  },
  "final_rpy": {
    "r": -1.5707963560029057,
    "p": -2.1484593694191313e-07,
    "y": -2.540842715036696
  }
}
