{
  "variant_id": "48_curie_dervish",
  "run_id": "definitive",
  "steps_logged": 4000,
  "max_abs_roll": 0.33721478839263874,
  "max_abs_pitch": 0.6179061711328357,
  "upright_fraction": 1.0,
  "delta": {
    "dx": 24.073188688864075,
    "dy": -20.162261772609366,
    "dz": -0.2091266664616449
  },
  "final_rpy": {
    "r": 0.05870555256368963,
    "p": 0.0573672792663952,
    "y": -2.0796209053665016
  }
}