{
  "variant_id": "12_lorenz_A",
  "run_id": "definitive",
  "steps_logged": 4000,
  "max_abs_roll": 0.07468888955293962,
  "max_abs_pitch": 0.6679893071059038,
  "upright_fraction": 1.0,
  "delta": {
    "dx": -7.922887164425927,
    "dy": -2.085945326899673,
    "dz": -0.1303974871379363
  },
  "final_rpy": {
    "r": -0.0133204284753316,
    "p": 0.09208768719935816,
    "y": 0.3584468528903733
  }
}