{
  "variant_id": "18_curie",
  "run_id": "definitive",
  "steps_logged": 4000,
  "max_abs_roll": 0.2639521647367813,
  "max_abs_pitch": 0.6538896923306566,
  "upright_fraction": 1.0,
  "delta": {
    "dx": 23.727687487406673,
    "dy": 0.0452288494421097,
    "dz": -0.07753378845843684
  },
  "final_rpy": {
    "r": 0.05793595013884905,
    "p": 0.1284878887438609,
    "y": 0.15196433563876782
  }
}