{
  "variant_id": "18_curie",
  "run_id": "persona_telemetry_20260210_115159_r00",
  "steps_logged": 400,
  "max_abs_roll": 0.26369345588072923,
  "max_abs_pitch": 0.647377207416602,
  "upright_fraction": 1.0,
  "delta": {
    "dx": 23.72768763061255,
    "dy": 0.04522795471042208,
    "dz": -0.0775437928187761
  },
  "final_rpy": {
    "r": 0.05793595013884905,
    "p": 0.1284878887438609,
    "y": 0.15196433563876782
  }
}
