{
  "variant_id": "34_zipf",
  "run_id": "definitive",
  "steps_logged": 4000,
  "max_abs_roll": 0.06702719811757171,
  "max_abs_pitch": 0.511228043056564,
  "upright_fraction": 1.0,
  "delta": {
    "dx": -20.569243836049058,
    "dy": 9.947693781318005,
    "dz": -0.07077220757067071
  },
  "final_rpy": {
    "r": 2.0074309932107198e-05,
    "p": -0.10123974284386916,
    "y": -0.45451740893867526
  }
}