{
  "variant_id": "34_zipf",
  "run_id": "all_telemetry_20260210_121606_r00",
  "steps_logged": 400,
  "max_abs_roll": 0.06686327862773674,
  "max_abs_pitch": 0.5110422869383393,
  "upright_fraction": 1.0,
  "delta": {
    "dx": -20.56924369284318,
    "dy": 9.947692886586317,
    "dz": -0.07078221193100998
  },
  "final_rpy": {
    "r": 2.0074309932107198e-05,
    "p": -0.10123974284386916,
    "y": -0.45451740893867526
  }
}
