{
  "variant_id": "1_wolfram",
  "run_id": "persona_telemetry_20260210_115159_r00",
  "steps_logged": 400,
  "max_abs_roll": 0.009989269016957843,
  "max_abs_pitch": 0.3823192834609119,
  "upright_fraction": 1.0,
  "delta": {
    "dx": -2.669558379268278,
    "dy": -0.3546707673823497,
    "dz": -0.10894282075349393
  },
  "final_rpy": {
    "r": 0.00017086575104019675,
    "p": 0.09654007208850529,
    "y": -3.010601941950994
  }
}
