{
  "variant_id": "1_wolfram",
  "run_id": "definitive",
  "steps_logged": 4000,
  "max_abs_roll": 0.010102324468211438,
  "max_abs_pitch": 0.39254329028158474,
  "upright_fraction": 1.0,
  "delta": {
    "dx": -2.669558522474156,
    "dy": -0.3546698726506621,
    "dz": -0.10893281639315466
  },
  "final_rpy": {
    "r": 0.00017086575104019675,
    "p": 0.09654007208850529,
    "y": -3.010601941950994
  }
}