{
  "variant_id": "2_rucker",
  "run_id": "persona_telemetry_20260210_115159_r00",
  "steps_logged": 400,
  "max_abs_roll": 0.18368089515171537,
  "max_abs_pitch": 0.4200140706445938,
  "upright_fraction": 1.0,
  "delta": {
    "dx": -6.936004950003745,
    "dy": 9.414204958175814,
    "dz": 0.4105077379044917
  },
  "final_rpy": {
    "r": -0.0005762603840049122,
    "p": -0.0166245200606701,
    "y": -0.7812721000514998
  }
}
