{
  "variant_id": "59_fibonacci_self",
  "run_id": "definitive",
  "steps_logged": 4000,
  "max_abs_roll": 0.05027928593382629,
  "max_abs_pitch": 0.7652397181680574,
  "upright_fraction": 1.0,
  "delta": {
    "dx": 7.184708485969916,
    "dy": 2.434262262787566,
    "dz": -0.15506981702759548
  },
  "final_rpy": {
    "r": 0.007699344106317266,
    "p": 0.0638406638713774,
    "y": 0.5094204474159166
  }
}