{
  "variant_id": "59_fibonacci_self",
  "run_id": "persona_telemetry_20260210_115159_r00",
  "steps_logged": 400,
  "max_abs_roll": 0.04763058681805938,
  "max_abs_pitch": 0.764641123969647,
  "upright_fraction": 1.0,
  "delta": {
    "dx": 7.184708629175795,
    "dy": 2.4342613680558784,
    "dz": -0.15507982138793475
  },
  "final_rpy": {
    "r": 0.007699344106317266,
    "p": 0.0638406638713774,
    "y": 0.5094204474159166
  }
}
