{
  "variant_id": "3_mordvintsev",
  "run_id": "persona_telemetry_20260210_115159_r00",
  "steps_logged": 400,
  "max_abs_roll": 0.00031127901439747656,
  "max_abs_pitch": 0.36135708314038545,
  "upright_fraction": 1.0,
  "delta": {
    "dx": 9.465662654772837,
    "dy": -0.0656715289167159,
    "dz": 0.07516478081612021
  },
  "final_rpy": {
    "r": -2.4884520121756822e-05,
    "p": -0.23893320825206849,
    "y": -0.0243103511825114
  }
}
