{
  "variant_id": "3_mordvintsev",
  "run_id": "definitive",
  "steps_logged": 4000,
  "max_abs_roll": 0.0010109112431812973,
  "max_abs_pitch": 0.36372698341875714,
  "upright_fraction": 1.0,
  "delta": {
    "dx": 9.46566251156696,
    "dy": -0.06567063418502829,
    "dz": 0.07517478517645948
  },
  "final_rpy": {
    "r": -2.4884520121756822e-05,
    "p": -0.23893320825206849,
    "y": -0.0243103511825114
  }
}