{
  "variant_id": "15_noether",
  "run_id": "definitive",
  "steps_logged": 4000,
  "max_abs_roll": 0.2542661200571454,
  "max_abs_pitch": 0.5725303416108577,
  "upright_fraction": 1.0,
  "delta": {
    "dx": -21.647397156494257,
    "dy": -0.47912333043937355,
    "dz": 0.05263060568958555
  },
  "final_rpy": {
    "r": -9.987399786942035e-06,
    "p": 0.2917682941787459,
    "y": -0.2806549033035391
  }
}