{
  "variant_id": "15_noether",
  "run_id": "persona_telemetry_20260210_115159_r00",
  "steps_logged": 400,
  "max_abs_roll": 0.2522118662003356,
  "max_abs_pitch": 0.571827128794763,
  "upright_fraction": 1.0,
  "delta": {
    "dx": -21.64739701328838,
    "dy": -0.4791242251710612,
    "dz": 0.052620601329246286
  },
  "final_rpy": {
    "r": -9.987399786942035e-06,
    "p": 0.2917682941787459,
    "y": -0.2806549033035391
  }
}
