{
  "variant_id": "90_stein_continuous_present",
  "run_id": "definitive",
  "steps_logged": 4000,
  "max_abs_roll": 0.2581791382730946,
  "max_abs_pitch": 0.6715331235298726,
  "upright_fraction": 1.0,
  "delta": {
    "dx": -0.645103285765819,
    "dy": 5.9691675724378195,
    "dz": -0.0366758213212246
  },
  "final_rpy": {
    "r": 0.0005155200607582913,
    "p": -0.26277560053537824,
    "y": 2.2564961785037796
  }
}