{
  "variant_id": "38_heavy_waltz",
  "run_id": "all_telemetry_20260210_121607_r00",
  "steps_logged": 400,
  "max_abs_roll": 0.11871488089221854,
  "max_abs_pitch": 0.5955417149135753,
  "upright_fraction": 1.0,
  "delta": {
    "dx": -19.30869743971565,
    "dy": -4.990706757580947,
    "dz": -0.10477492943313393
  },
  "final_rpy": {
    "r": 6.365073109270014e-07,
    "p": -0.23118638156040108,
    "y": 0.28831297063017164
  }
}
