{
  "variant_id": "38_heavy_waltz",
  "run_id": "definitive",
  "steps_logged": 4000,
  "max_abs_roll": 0.12284390865807003,
  "max_abs_pitch": 0.5968875310741785,
  "upright_fraction": 1.0,
  "delta": {
    "dx": -19.30869758292153,
    "dy": -4.990705862849259,
    "dz": -0.10476492507279467
  },
  "final_rpy": {
    "r": 6.365073109270014e-07,
    "p": -0.23118638156040108,
    "y": 0.28831297063017164
  }
}