{
  "variant_id": "1_original",
  "run_id": "definitive",
  "steps_logged": 4000,
  "max_abs_roll": 3.1415926332179733,
  "max_abs_pitch": 1.4768514572839455,
  "upright_fraction": 0.09450000000000003,
  "delta": {
    "dx": -0.7532238821795243,
    "dy": -2.0194962865111616,
    "dz": -0.842195108329209
  },
  "final_rpy": {
    "r": -3.1409607269480975,
    "p": 1.1613567164402963,
    "y": -1.0606108740068156
  }
}