{
  "variant_id": "1_original",
  "run_id": "all_telemetry_20260210_121607_r00",
  "steps_logged": 400,
  "max_abs_roll": 3.1415925779557208,
  "max_abs_pitch": 1.4741051208811673,
  "upright_fraction": 0.09,
  "delta": {
    "dx": -0.7532237389736464,
    "dy": -2.019497181242849,
    "dz": -0.8422051126895482
  },
  "final_rpy": {
    "r": -3.1409607269480975,
    "p": 1.1613567164402963,
    "y": -1.0606108740068156
  }
}
