{
  "variant_id": "5_bouncer",
  "run_id": "all_telemetry_20260210_121607_r00",
  "steps_logged": 400,
  "max_abs_roll": 5.035637478454898e-06,
  "max_abs_pitch": 7.107215222347053e-07,
  "upright_fraction": 1.0,
  "delta": {
    "dx": 0.00011575746859118422,
    "dy": 0.00036726607087714074,
    "dz": -9.703354392209818e-06
  },
  "final_rpy": {
    "r": 4.868764580450744e-07,
    "p": 3.061967219374077e-07,
    "y": -0.00021639244278287304
  }
}
