{
  "variant_id": "5_bouncer",
  "run_id": "definitive",
  "steps_logged": 4000,
  "max_abs_roll": 5.212771337031276e-06,
  "max_abs_pitch": 7.197892117649939e-07,
  "upright_fraction": 1.0,
  "delta": {
    "dx": 0.00011561426271324362,
    "dy": 0.0003681608025647564,
    "dz": 3.010059470565096e-07
  },
  "final_rpy": {
    "r": 4.868764580450744e-07,
    "p": 3.061967219374077e-07,
    "y": -0.00021639244278287304
  }
}