{
  "variant_id": "47_spinner_6synapse",
  "run_id": "definitive",
  "steps_logged": 4000,
  "max_abs_roll": 0.3199281139383873,
  "max_abs_pitch": 0.5043944172244854,
  "upright_fraction": 1.0,
  "delta": {
    "dx": -2.147954090568504,
    "dy": -1.8673893677259916,
    "dz": 0.21730543640033173
  },
  "final_rpy": {
    "r": 0.0003902397055339941,
    "p": -0.13762450374624327,
    "y": 2.9627466280244823
  }
}