{
  "variant_id": "110_biles_yurchenko",
  "run_id": "definitive",
  "steps_logged": 4000,
  "max_abs_roll": 0.3188780192727965,
  "max_abs_pitch": 0.9189999132842084,
  "upright_fraction": 1.0,
  "delta": {
    "dx": -4.323836682990313,
    "dy": 4.001590544379635,
    "dz": -0.20244596304753482
  },
  "final_rpy": {
    "r": 0.0024876869325661287,
    "p": -0.10782432193540044,
    "y": 0.06459955808402071
  }
}