{
  "variant_id": "81_deleuze_bwo",
  "run_id": "definitive",
  "steps_logged": 4000,
  "max_abs_roll": 0.05081783010593471,
  "max_abs_pitch": 0.5381762952514352,
  "upright_fraction": 1.0,
  "delta": {
    "dx": -21.610560772803332,
    "dy": 2.396034370362896,
    "dz": -0.01631612833567564
  },
  "final_rpy": {
    "r": 8.834935880839983e-05,
    "p": 0.08841531556193871,
    "y": -0.053384548788770185
  }
}