{
  "variant_id": "81_deleuze_bwo",
  "run_id": "persona_telemetry_20260210_115201_r00",
  "steps_logged": 400,
  "max_abs_roll": 0.05051577477887383,
  "max_abs_pitch": 0.5378784183276692,
  "upright_fraction": 1.0,
  "delta": {
    "dx": -21.610560629597455,
    "dy": 2.3960334756312087,
    "dz": -0.016326132696014906
  },
  "final_rpy": {
    "r": 8.834935880839983e-05,
    "p": 0.08841531556193871,
    "y": -0.053384548788770185
  }
}
