{
  "variant_id": "8_conway_glider",
  "run_id": "definitive",
  "steps_logged": 4000,
  "max_abs_roll": 0.1784582769593853,
  "max_abs_pitch": 0.36490894587108014,
  "upright_fraction": 1.0,
  "delta": {
    "dx": 1.454410096201243,
    "dy": -0.3248405318563057,
    "dz": 0.03491447188227159
  },
  "final_rpy": {
    "r": 0.04196355728543486,
    "p": -0.14401770388454493,
    "y": 0.6484486909797119
  }
}