{
  "variant_id": "66_womack_ambient",
  "run_id": "persona_telemetry_20260210_115200_r00",
  "steps_logged": 400,
  "max_abs_roll": 0.3069574184441522,
  "max_abs_pitch": 0.5470199798468088,
  "upright_fraction": 1.0,
  "delta": {
    "dx": 3.2522356616420485,
    "dy": 4.057859903094919,
    "dz": -0.0008957540455341029
  },
  "final_rpy": {
    "r": 0.00016025351453889263,
    "p": 0.18406716709593762,
    "y": 1.1263353345589486
  }
}
