{
  "variant_id": "66_womack_ambient",
  "run_id": "definitive",
  "steps_logged": 4000,
  "max_abs_roll": 0.3070853330521752,
  "max_abs_pitch": 0.5554814052170933,
  "upright_fraction": 1.0,
  "delta": {
    "dx": 3.2522355184361706,
    "dy": 4.057860797826607,
    "dz": -0.0008857496851948365
  },
  "final_rpy": {
    "r": 0.00016025351453889263,
    "p": 0.18406716709593762,
    "y": 1.1263353345589486
  }
}