{
  "variant_id": "99_kcramer_salvage",
  "run_id": "persona_telemetry_20260210_112013_r00",
  "steps_logged": 400,
  "max_abs_roll": 0.1082066368350173,
  "max_abs_pitch": 0.3850686201402515,
  "upright_fraction": 1.0,
  "delta": {
    "dx": -0.08700029672988144,
    "dy": 2.4364135850714983,
    "dz": -0.08653527707230668
  },
  "final_rpy": {
    "r": 8.799111220907021e-06,
    "p": -0.04777332919497635,
    "y": 1.7544322733667306
  }
}
