{
  "variant_id": "99_kcramer_salvage",
  "run_id": "definitive",
  "steps_logged": 4000,
  "max_abs_roll": 0.10842126573500897,
  "max_abs_pitch": 0.38638379116442306,
  "upright_fraction": 1.0,
  "delta": {
    "dx": -0.08700043993575937,
    "dy": 2.4364144798031857,
    "dz": -0.08652527271196742
  },
  "final_rpy": {
    "r": 8.799111220907021e-06,
    "p": -0.04777332919497635,
    "y": 1.7544322733667306
  }
}