{
  "variant_id": "25_minsky",
  "run_id": "definitive",
  "steps_logged": 4000,
  "max_abs_roll": 0.11217169507390719,
  "max_abs_pitch": 0.47793782075697655,
  "upright_fraction": 1.0,
  "delta": {
    "dx": -21.526433385184138,
    "dy": -3.147753382396032,
    "dz": -0.05957570520635791
  },
  "final_rpy": {
    "r": 5.441949774510638e-07,
    "p": -0.18434860088075156,
    "y": -0.02063122340351743
  }
}