{
  "variant_id": "25_minsky",
  "run_id": "all_telemetry_20260210_121606_r00",
  "steps_logged": 400,
  "max_abs_roll": 0.10752606799170154,
  "max_abs_pitch": 0.4771502464705301,
  "upright_fraction": 1.0,
  "delta": {
    "dx": -21.52643324197826,
    "dy": -3.1477542771277194,
    "dz": -0.059585709566697176
  },
  "final_rpy": {
    "r": 5.441949774510638e-07,
    "p": -0.18434860088075156,
    "y": -0.02063122340351743
  }
}
