{
  "variant_id": "72_gallagher_gaps",
  "run_id": "persona_telemetry_20260210_115200_r00",
  "steps_logged": 400,
  "max_abs_roll": 0.006047451208893491,
  "max_abs_pitch": 0.42720460828843626,
  "upright_fraction": 1.0,
  "delta": {
    "dx": 4.665345618202429,
    "dy": -3.5558202856144554,
    "dz": -0.17118390669781913
  },
  "final_rpy": {
    "r": -2.1692209303462724e-06,
    "p": 0.1644296426836992,
    "y": -1.1777686197256336
  }
}
