{
  "variant_id": "72_gallagher_gaps",
  "run_id": "definitive",
  "steps_logged": 4000,
  "max_abs_roll": 0.0061963094449508345,
  "max_abs_pitch": 0.43100185582219563,
  "upright_fraction": 1.0,
  "delta": {
    "dx": 4.665345474996551,
    "dy": -3.555819390882768,
    "dz": -0.17117390233747987
  },
  "final_rpy": {
    "r": -2.1692209303462724e-06,
    "p": 0.1644296426836992,
    "y": -1.1777686197256336
  }
}