{
  "variant_id": "23_hodgkin_huxley",
  "run_id": "definitive",
  "steps_logged": 4000,
  "max_abs_roll": 0.22102335922182464,
  "max_abs_pitch": 0.6190215486775436,
  "upright_fraction": 1.0,
  "delta": {
    "dx": -29.794407791763135,
    "dy": -7.203959613204406,
    "dz": -0.04451531385356189
  },
  "final_rpy": {
    "r": -7.441147357766291e-05,
    "p": 0.1271601902326432,
    "y": 0.7319957011173946
  }
}