{
  "variant_id": "23_hodgkin_huxley",
  "run_id": "all_telemetry_20260210_121606_r00",
  "steps_logged": 400,
  "max_abs_roll": 0.22102335922182464,
  "max_abs_pitch": 0.6187342029316852,
  "upright_fraction": 1.0,
  "delta": {
    "dx": -29.794407648557257,
    "dy": -7.2039605079360935,
    "dz": -0.044525318213901155
  },
  "final_rpy": {
    "r": -7.441147357766291e-05,
    "p": 0.1271601902326432,
    "y": 0.7319957011173946
  }
}
