{
  "variant_id": "52_curie_crab",
  "run_id": "all_telemetry_20260210_121608_r00",
  "steps_logged": 400,
  "max_abs_roll": 0.2733311184269102,
  "max_abs_pitch": 0.278925084763805,
  "upright_fraction": 1.0,
  "delta": {
    "dx": 24.442790256023073,
    "dy": -28.785228845928472,
    "dz": -0.24238981507814072
  },
  "final_rpy": {
    "r": -0.001142284266766925,
    "p": 0.08678401753827567,
    "y": -1.0738798457887118
  }
}
