{
  "variant_id": "52_curie_crab",
  "run_id": "definitive",
  "steps_logged": 4000,
  "max_abs_roll": 0.27746422182343483,
  "max_abs_pitch": 0.2847062781946755,
  "upright_fraction": 1.0,
  "delta": {
    "dx": 24.442790112817196,
    "dy": -28.785227951196784,
    "dz": -0.24237981071780146
  },
  "final_rpy": {
    "r": -0.001142284266766925,
    "p": 0.08678401753827567,
    "y": -1.0738798457887118
  }
}