{
  "variant_id": "98_kcramer_hypertext",
  "run_id": "definitive",
  "steps_logged": 4000,
  "max_abs_roll": 0.10313422027676689,
  "max_abs_pitch": 0.6843567995528308,
  "upright_fraction": 1.0,
  "delta": {
    "dx": -18.724504248980924,
    "dy": -4.657080242654573,
    "dz": -0.18332166645146897
  },
  "final_rpy": {
    "r": -0.002382707772179046,
    "p": 0.03793502471393132,
    "y": 0.6176348139953564
  }
}