{
  "variant_id": "98_kcramer_hypertext",
  "run_id": "persona_telemetry_20260210_112013_r00",
  "steps_logged": 400,
  "max_abs_roll": 0.10309490431981148,
  "max_abs_pitch": 0.6814414012522266,
  "upright_fraction": 1.0,
  "delta": {
    "dx": -18.724504105775047,
    "dy": -4.657081137386261,
    "dz": -0.18333167081180823
  },
  "final_rpy": {
    "r": -0.002382707772179046,
    "p": 0.03793502471393132,
    "y": 0.6176348139953564
  }
}
