{
  "variant_id": "63_cage_prepared",
  "run_id": "persona_telemetry_20260210_115200_r00",
  "steps_logged": 400,
  "max_abs_roll": 0.3487563725908639,
  "max_abs_pitch": 0.6267889876674515,
  "upright_fraction": 1.0,
  "delta": {
    "dx": -9.968721668205728,
    "dy": 15.38730827859589,
    "dz": 0.11546049953282056
  },
  "final_rpy": {
    "r": -0.05926036605813757,
    "p": 0.09647033567501395,
    "y": 2.8774972590731522
  }
}
