{
  "variant_id": "63_cage_prepared",
  "run_id": "definitive",
  "steps_logged": 4000,
  "max_abs_roll": 0.35037824626778813,
  "max_abs_pitch": 0.6438589971809623,
  "upright_fraction": 1.0,
  "delta": {
    "dx": -9.968721811411605,
    "dy": 15.387309173327578,
    "dz": 0.11547050389315983
  },
  "final_rpy": {
    "r": -0.05926036605813757,
    "p": 0.09647033567501395,
    "y": 2.8774972590731522
  }
}