{
  "variant_id": "22_curie_amplified",
  "run_id": "all_telemetry_20260210_121606_r00",
  "steps_logged": 400,
  "max_abs_roll": 0.22974360503521762,
  "max_abs_pitch": 0.32130126824101257,
  "upright_fraction": 1.0,
  "delta": {
    "dx": 37.139175301564926,
    "dy": -1.6007746132780005,
    "dz": -0.08667781747103143
  },
  "final_rpy": {
    "r": -0.05991264373366569,
    "p": 0.24740244426747962,
    "y": -0.007961541934731555
  }
}
