{
  "variant_id": "22_curie_amplified",
  "run_id": "definitive",
  "steps_logged": 4000,
  "max_abs_roll": 0.23043094275049655,
  "max_abs_pitch": 0.32301330721969373,
  "upright_fraction": 1.0,
  "delta": {
    "dx": 37.139175158359045,
    "dy": -1.600773718546313,
    "dz": -0.08666781311069216
  },
  "final_rpy": {
    "r": -0.05991264373366569,
    "p": 0.24740244426747962,
    "y": -0.007961541934731555
  }
}