{
  "variant_id": "31_gamma_squeeze",
  "run_id": "all_telemetry_20260210_121606_r00",
  "steps_logged": 400,
  "max_abs_roll": 1.8589292081204387,
  "max_abs_pitch": 0.8916639647746822,
  "upright_fraction": 0.495,
  "delta": {
    "dx": 3.9674052317022244,
    "dy": 1.4084776512001649,
    "dz": -1.0000131574429867
  },
  "final_rpy": {
    "r": 1.5707995399828407,
    "p": -4.242666830946382e-06,
    "y": 0.5369107717128996
  }
}
