{
  "variant_id": "31_gamma_squeeze",
  "run_id": "definitive",
  "steps_logged": 4000,
  "max_abs_roll": 1.8916365940970954,
  "max_abs_pitch": 0.8946215610630914,
  "upright_fraction": 0.5065,
  "delta": {
    "dx": 3.9674050884963465,
    "dy": 1.4084785459318525,
    "dz": -1.0000031530826474
  },
  "final_rpy": {
    "r": 1.5707995399828407,
    "p": -4.242666830946382e-06,
    "y": 0.5369107717128996
  }
}