{
  "variant_id": "40_rubato",
  "run_id": "all_telemetry_20260210_121607_r00",
  "steps_logged": 400,
  "max_abs_roll": 0.015517815542018348,
  "max_abs_pitch": 0.22172893417555145,
  "upright_fraction": 1.0,
  "delta": {
    "dx": 15.611013734256396,
    "dy": -1.0373917085847377,
    "dz": -0.013999235870014504
  },
  "final_rpy": {
    "r": 0.0001524502644173699,
    "p": -0.033056964016771294,
    "y": -0.10238468137163385
  }
}
