{
  "variant_id": "40_rubato",
  "run_id": "definitive",
  "steps_logged": 4000,
  "max_abs_roll": 0.015517815542018348,
  "max_abs_pitch": 0.22292619474299838,
  "upright_fraction": 1.0,
  "delta": {
    "dx": 15.611013591050519,
    "dy": -1.03739081385305,
    "dz": -0.013989231509675237
  },
  "final_rpy": {
    "r": 0.0001524502644173699,
    "p": -0.033056964016771294,
    "y": -0.10238468137163385
  }
}