{
  "variant_id": "112_biles_floor",
  "run_id": "definitive",
  "steps_logged": 4000,
  "max_abs_roll": 0.18220377591241899,
  "max_abs_pitch": 0.6282619670767846,
  "upright_fraction": 1.0,
  "delta": {
    "dx": 10.176770429141241,
    "dy": -5.301515255534908,
    "dz": -0.11739051326117989
  },
  "final_rpy": {
    "r": -0.04180548115652811,
    "p": -0.05174763694617956,
    "y": 0.10092112971023019
  }
}