{
  "variant_id": "96_jackson_hill_house",
  "run_id": "persona_telemetry_20260210_115202_r00",
  "steps_logged": 400,
  "max_abs_roll": 0.18808047937538028,
  "max_abs_pitch": 0.8543353290823735,
  "upright_fraction": 1.0,
  "delta": {
    "dx": -2.5519169180366523,
    "dy": -4.133633279130556,
    "dz": -0.16209055885399537
  },
  "final_rpy": {
    "r": -0.009212707053378478,
    "p": 0.185145867523001,
    "y": 1.9372321926455045
  }
}
