{
  "variant_id": "96_jackson_hill_house",
  "run_id": "definitive",
  "steps_logged": 4000,
  "max_abs_roll": 0.20414622409687525,
  "max_abs_pitch": 0.8543353290823735,
  "upright_fraction": 1.0,
  "delta": {
    "dx": -2.55191706124253,
    "dy": -4.133632384398868,
    "dz": -0.1620805544936561
  },
  "final_rpy": {
    "r": -0.009212707053378478,
    "p": 0.185145867523001,
    "y": 1.9372321926455045
  }
}