{
  "variant_id": "58_evolved_crab_positive_v2",
  "run_id": "all_telemetry_20260210_121608_r00",
  "steps_logged": 400,
  "max_abs_roll": 0.3074159355888039,
  "max_abs_pitch": 0.7875341082783158,
  "upright_fraction": 1.0,
  "delta": {
    "dx": -1.1725686747115223,
    "dy": 38.08330669335157,
    "dz": -0.14462124542085109
  },
  "final_rpy": {
    "r": 9.501678938959351e-05,
    "p": 0.12344263638974537,
    "y": 1.4744926169641244
  }
}
