{
  "variant_id": "104_papp_public",
  "run_id": "persona_telemetry_20260210_112014_r00",
  "steps_logged": 400,
  "max_abs_roll": 0.024944460907421834,
  "max_abs_pitch": 0.34124019214667156,
  "upright_fraction": 1.0,
  "delta": {
    "dx": -19.396148801271803,
    "dy": -0.3452754402838202,
    "dz": -0.13759969598076371
  },
  "final_rpy": {
    "r": 3.1927547629824654e-05,
    "p": 0.17707376653568124,
    "y": 0.010582256004999072
  }
}
