{
  "variant_id": "104_papp_public",
  "run_id": "definitive",
  "steps_logged": 4000,
  "max_abs_roll": 0.027789907363986625,
  "max_abs_pitch": 0.3474954227841502,
  "upright_fraction": 1.0,
  "delta": {
    "dx": -19.39614894447768,
    "dy": -0.34527454555213255,
    "dz": -0.13758969162042445
  },
  "final_rpy": {
    "r": 3.1927547629824654e-05,
    "p": 0.17707376653568124,
    "y": 0.010582256004999072
  }
}