{
  "variant_id": "26_fitzhugh_nagumo",
  "run_id": "definitive",
  "steps_logged": 4000,
  "max_abs_roll": 0.24606657481381108,
  "max_abs_pitch": 0.8282362634288031,
  "upright_fraction": 1.0,
  "delta": {
    "dx": 14.52463961819638,
    "dy": 9.413487726983663,
    "dz": -0.11125791511123073
  },
  "final_rpy": {
    "r": -0.0008663335456033511,
    "p": -0.061767343017886035,
    "y": 0.3956002155289514
  }
}