{
  "variant_id": "26_fitzhugh_nagumo",
  "run_id": "all_telemetry_20260210_121606_r00",
  "steps_logged": 400,
  "max_abs_roll": 0.24115193806279628,
  "max_abs_pitch": 0.8165795194489275,
  "upright_fraction": 1.0,
  "delta": {
    "dx": 14.524639761402257,
    "dy": 9.413486832251975,
    "dz": -0.11126791947157
  },
  "final_rpy": {
    "r": -0.0008663335456033511,
    "p": -0.061767343017886035,
    "y": 0.3956002155289514
  }
}
