{
  "variant_id": "13_lorenz_B",
  "run_id": "definitive",
  "steps_logged": 4000,
  "max_abs_roll": 0.13628596897307038,
  "max_abs_pitch": 0.707270446116725,
  "upright_fraction": 1.0,
  "delta": {
    "dx": -0.5613210708019545,
    "dy": -2.5765621215308006,
    "dz": -0.11789392041975622
  },
  "final_rpy": {
    "r": 1.784180897765577e-05,
    "p": 0.029278899160762727,
    "y": -1.0224770044204707
  }
}