{
  "variant_id": "13_lorenz_B",
  "run_id": "persona_telemetry_20260210_115158_r00",
  "steps_logged": 400,
  "max_abs_roll": 0.13495264636605525,
  "max_abs_pitch": 0.7058980647440424,
  "upright_fraction": 1.0,
  "delta": {
    "dx": -0.5613209275960765,
    "dy": -2.576563016262488,
    "dz": -0.11790392478009548
  },
  "final_rpy": {
    "r": 1.784180897765577e-05,
    "p": 0.029278899160762727,
    "y": -1.0224770044204707
  }
}
