{
  "variant_id": "14_lovelace",
  "run_id": "definitive",
  "steps_logged": 4000,
  "max_abs_roll": 0.08049712998220573,
  "max_abs_pitch": 0.2100701510923527,
  "upright_fraction": 1.0,
  "delta": {
    "dx": 3.9421915127054548,
    "dy": 1.5112632003939228,
    "dz": 0.3203437894041581
  },
  "final_rpy": {
    "r": 0.00956264814129531,
    "p": 0.17788106567967593,
    "y": 0.6523263311179177
  }
}