{
  "variant_id": "14_lovelace",
  "run_id": "persona_telemetry_20260210_115159_r00",
  "steps_logged": 400,
  "max_abs_roll": 0.08049712998220573,
  "max_abs_pitch": 0.20762671172550787,
  "upright_fraction": 1.0,
  "delta": {
    "dx": 3.9421916559113326,
    "dy": 1.5112623056622352,
    "dz": 0.3203337850438188
  },
  "final_rpy": {
    "r": 0.00956264814129531,
    "p": 0.17788106567967593,
    "y": 0.6523263311179177
  }
}
