{
  "variant_id": "106_papp_chorus_line",
  "run_id": "definitive",
  "steps_logged": 4000,
  "max_abs_roll": 0.17189866989491004,
  "max_abs_pitch": 0.6415369764347055,
  "upright_fraction": 1.0,
  "delta": {
    "dx": 6.221745404491146,
    "dy": 1.4037800540924867,
    "dz": 0.17007954916381518
  },
  "final_rpy": {
    "r": 8.254002859586628e-07,
    "p": -0.523491428684512,
    "y": 1.059124013701991
  }
}