{
  "variant_id": "106_papp_chorus_line",
  "run_id": "persona_telemetry_20260210_112014_r00",
  "steps_logged": 400,
  "max_abs_roll": 0.17177300597124903,
  "max_abs_pitch": 0.6305088371692303,
  "upright_fraction": 1.0,
  "delta": {
    "dx": 6.221745547697024,
    "dy": 1.4037791593607991,
    "dz": 0.1700695448034759
  },
  "final_rpy": {
    "r": 8.254002859586628e-07,
    "p": -0.523491428684512,
    "y": 1.059124013701991
  }
}
