{
  "variant_id": "43_hidden_cpg_champion",
  "run_id": "all_telemetry_20260210_121607_r00",
  "steps_logged": 400,
  "max_abs_roll": 0.360073173427263,
  "max_abs_pitch": 0.6447312589888584,
  "upright_fraction": 1.0,
  "delta": {
    "dx": 50.110221570504294,
    "dy": -0.13807709888508127,
    "dz": 0.22180917415848267
  },
  "final_rpy": {
    "r": 0.03769344253277103,
    "p": 0.018568402319031542,
    "y": -0.554086641422592
  }
}
