{
  "variant_id": "43_hidden_cpg_champion",
  "run_id": "definitive",
  "steps_logged": 4000,
  "max_abs_roll": 0.36077710188425155,
  "max_abs_pitch": 0.6477027902812049,
  "upright_fraction": 1.0,
  "delta": {
    "dx": 50.11022142729841,
    "dy": -0.13807620415339364,
    "dz": 0.22181917851882194
  },
  "final_rpy": {
    "r": 0.03769344253277103,
    "p": 0.018568402319031542,
    "y": -0.554086641422592
  }
}