{
  "name": "57_evolved_sidewinder",
  "category": "crab_walkers",
  "type": "synapse",
  "architecture": "crosswired_10",
  "weights": {
    "w03": -0.026377908384466117,
    "w13": -1.2564439315013083,
    "w23": -0.7030132640035148,
    "w04": 1.5391416964614093,
    "w14": 1.4939319677183045,
    "w24": 2.0,
    "w34": 0.6886014609896243,
    "w43": 0.8426897656599622,
    "w33": -0.15736991596664235,
    "w44": -0.31190802476890234
  },
  "SIM_STEPS": 4000,
  "MAX_FORCE": 150.0,
  "DT": 0.004167,
  "GRAVITY_Z": -9.8,
  "ROBOT_FRICTION": 2.5,
  "dx": -3.99,
  "dy": -39.32,
  "true_distance": 39.52,
  "heading": -95.8,
  "yaw_degrees": -91.5,
  "max_tilt": 26,
  "description": "Evolved near-pure lateral walker (verified). |DY|=39.32, crab ratio 9.86. Heading -96\u00b0.",
  "telemetry": {
    "stride_freq_hz": 4.09,
    "duty_cycle": 0.338,
    "mean_torque": 67.03,
    "transient_frac": 0.815,
    "mean_speed": 2.679,
    "speed_cv": 0.456,
    "attractor_type": "limit_cycle",
    "efficiency": 0.5873,
    "pareto_optimal": false
  }
}
