{
  "variant_id": "75_dick_replicant",
  "run_id": "definitive",
  "steps_logged": 4000,
  "max_abs_roll": 0.3774369583462258,
  "max_abs_pitch": 0.6159127049672922,
  "upright_fraction": 1.0,
  "delta": {
    "dx": -3.4671736641241697,
    "dy": -2.003977923604223,
    "dz": 0.1015757316648147
  },
  "final_rpy": {
    "r": 0.3628474643192569,
    "p": -0.06341969610387095,
    "y": -0.3700251132604344
  }
}