{
  "variant_id": "75_dick_replicant",
  "run_id": "persona_telemetry_20260210_115201_r00",
  "steps_logged": 400,
  "max_abs_roll": 0.3774369583462258,
  "max_abs_pitch": 0.6058035206195518,
  "upright_fraction": 1.0,
  "delta": {
    "dx": -3.467173520918292,
    "dy": -2.0039788183359106,
    "dz": 0.10156572730447544
  },
  "final_rpy": {
    "r": 0.3628474643192569,
    "p": -0.06341969610387095,
    "y": -0.3700251132604344
  }
}
