{
  "variant_id": "101_jgcramer_transactional",
  "run_id": "persona_telemetry_20260210_112013_r00",
  "steps_logged": 400,
  "max_abs_roll": 2.2093123265116072,
  "max_abs_pitch": 0.8657889233255796,
  "upright_fraction": 0.09,
  "delta": {
    "dx": 4.9045222044986,
    "dy": -1.2835769002645638,
    "dz": -1.0000104242933092
  },
  "final_rpy": {
    "r": -1.5707965673682895,
    "p": 7.209531619451822e-07,
    "y": 1.1904016571785807
  }
}
