{
  "variant_id": "101_jgcramer_transactional",
  "run_id": "definitive",
  "steps_logged": 4000,
  "max_abs_roll": 2.2353549950097094,
  "max_abs_pitch": 0.8823452043695027,
  "upright_fraction": 0.11024999999999996,
  "delta": {
    "dx": 4.904522061292722,
    "dy": -1.2835760055328762,
    "dz": -1.00000041993297
  },
  "final_rpy": {
    "r": -1.5707965673682895,
    "p": 7.209531619451822e-07,
    "y": 1.1904016571785807
  }
}