{
  "variant_id": "71_gallagher_multiplicative",
  "run_id": "definitive",
  "steps_logged": 4000,
  "max_abs_roll": 0.26560055356667117,
  "max_abs_pitch": 0.7610492222740949,
  "upright_fraction": 1.0,
  "delta": {
    "dx": -9.786158760622856,
    "dy": -2.8958463186689793,
    "dz": -0.11888542862311846
  },
  "final_rpy": {
    "r": 0.0824973479676753,
    "p": 0.037299728358602124,
    "y": -2.2039287255150875
  }
}