{
  "variant_id": "33_mean_reversion",
  "run_id": "definitive",
  "steps_logged": 4000,
  "max_abs_roll": 0.0373753509070171,
  "max_abs_pitch": 0.5807342817084861,
  "upright_fraction": 1.0,
  "delta": {
    "dx": 0.447287837403715,
    "dy": 2.9905734697062534,
    "dz": 0.17977197030983882
  },
  "final_rpy": {
    "r": 0.0001500409214761325,
    "p": -0.5109563637885649,
    "y": -1.3204378718212675
  }
}