{
  "variant_id": "33_mean_reversion",
  "run_id": "all_telemetry_20260210_121606_r00",
  "steps_logged": 400,
  "max_abs_roll": 0.036397051168907846,
  "max_abs_pitch": 0.579375167701935,
  "upright_fraction": 1.0,
  "delta": {
    "dx": 0.44728798060959296,
    "dy": 2.990572574974566,
    "dz": 0.17976196594949956
  },
  "final_rpy": {
    "r": 0.0001500409214761325,
    "p": -0.5109563637885649,
    "y": -1.3204378718212675
  }
}
