{
  "variant_id": "94_borges_aleph",
  "run_id": "definitive",
  "steps_logged": 4000,
  "max_abs_roll": 0.20464242034308558,
  "max_abs_pitch": 0.5957953252851925,
  "upright_fraction": 1.0,
  "delta": {
    "dx": 3.414056291770351,
    "dy": 8.276039495781875,
    "dz": -0.303570060001477
  },
  "final_rpy": {
    "r": -0.03590470402926651,
    "p": -0.03240356524030296,
    "y": 0.6169095129770908
  }
}