{
  "variant_id": "94_borges_aleph",
  "run_id": "persona_telemetry_20260210_115202_r00",
  "steps_logged": 400,
  "max_abs_roll": 0.19569529868603447,
  "max_abs_pitch": 0.584340295862001,
  "upright_fraction": 1.0,
  "delta": {
    "dx": 3.414056434976229,
    "dy": 8.276038601050187,
    "dz": -0.3035800643618163
  },
  "final_rpy": {
    "r": -0.03590470402926651,
    "p": -0.03240356524030296,
    "y": 0.6169095129770908
  }
}
