{
  "variant_id": "29_fat_tails",
  "run_id": "definitive",
  "steps_logged": 4000,
  "max_abs_roll": 0.026612525378116692,
  "max_abs_pitch": 0.46329740578029865,
  "upright_fraction": 1.0,
  "delta": {
    "dx": -12.03346952858982,
    "dy": 5.737969125413156,
    "dz": 0.041771236303336456
  },
  "final_rpy": {
    "r": -0.003171681140294458,
    "p": 0.16027348670890343,
    "y": -0.6333893210429209
  }
}