{
  "variant_id": "29_fat_tails",
  "run_id": "all_telemetry_20260210_121606_r00",
  "steps_logged": 400,
  "max_abs_roll": 0.02605674813005721,
  "max_abs_pitch": 0.46315077106852276,
  "upright_fraction": 1.0,
  "delta": {
    "dx": -12.033469385383942,
    "dy": 5.737968230681468,
    "dz": 0.04176123194299719
  },
  "final_rpy": {
    "r": -0.003171681140294458,
    "p": 0.16027348670890343,
    "y": -0.6333893210429209
  }
}
