{
  "variant_id": "7_fuller_dymaxion",
  "run_id": "persona_telemetry_20260210_115201_r00",
  "steps_logged": 400,
  "max_abs_roll": 3.4007798125965615e-05,
  "max_abs_pitch": 0.03484376787569168,
  "upright_fraction": 1.0,
  "delta": {
    "dx": 2.4575183501436486,
    "dy": -0.03140318685736462,
    "dz": 0.01901110740432399
  },
  "final_rpy": {
    "r": 2.674905749640694e-05,
    "p": -0.023041055640332847,
    "y": -0.014351714683966546
  }
}
