{
  "variant_id": "7_fuller_dymaxion",
  "run_id": "definitive",
  "steps_logged": 4000,
  "max_abs_roll": 4.0449086345113776e-05,
  "max_abs_pitch": 0.0445879747046019,
  "upright_fraction": 1.0,
  "delta": {
    "dx": 2.457518206937771,
    "dy": -0.03140229212567701,
    "dz": 0.019021111764663257
  },
  "final_rpy": {
    "r": 2.674905749640694e-05,
    "p": -0.023041055640332847,
    "y": -0.014351714683966546
  }
}