{
  "variant_id": "27_wiener",
  "run_id": "definitive",
  "steps_logged": 4000,
  "max_abs_roll": 0.017781224070595236,
  "max_abs_pitch": 0.48787827156533087,
  "upright_fraction": 1.0,
  "delta": {
    "dx": 14.08298759335188,
    "dy": -1.434208189506832,
    "dz": -0.146180059904492
  },
  "final_rpy": {
    "r": -0.0018369314625919931,
    "p": 0.10393755140757525,
    "y": -0.1574916244473527
  }
}