{
  "variant_id": "27_wiener",
  "run_id": "all_telemetry_20260210_121606_r00",
  "steps_logged": 400,
  "max_abs_roll": 0.017558810670256633,
  "max_abs_pitch": 0.4817437699285511,
  "upright_fraction": 1.0,
  "delta": {
    "dx": 14.082987736557758,
    "dy": -1.4342090842385196,
    "dz": -0.14619006426483128
  },
  "final_rpy": {
    "r": -0.0018369314625919931,
    "p": 0.10393755140757525,
    "y": -0.1574916244473527
  }
}
