{
  "variant_id": "87_breton_chance",
  "run_id": "persona_telemetry_20260210_115201_r00",
  "steps_logged": 400,
  "max_abs_roll": 0.25030706498421884,
  "max_abs_pitch": 0.5457665216051187,
  "upright_fraction": 1.0,
  "delta": {
    "dx": -7.861475141584496,
    "dy": -9.210582396165975,
    "dz": 0.1763239975750568
  },
  "final_rpy": {
    "r": 0.0032893252308893676,
    "p": 0.40858485586555854,
    "y": 1.103730173423561
  }
}
