{
  "variant_id": "87_breton_chance",
  "run_id": "definitive",
  "steps_logged": 4000,
  "max_abs_roll": 0.257702891296011,
  "max_abs_pitch": 0.5555692650037654,
  "upright_fraction": 1.0,
  "delta": {
    "dx": -7.861475284790374,
    "dy": -9.210581501434287,
    "dz": 0.17633400193539606
  },
  "final_rpy": {
    "r": 0.0032893252308893676,
    "p": 0.40858485586555854,
    "y": 1.103730173423561
  }
}