{
  "variant_id": "5_pelton",
  "run_id": "persona_telemetry_20260210_115159_r00",
  "steps_logged": 400,
  "max_abs_roll": 0.3244939378330738,
  "max_abs_pitch": 0.4586863567000303,
  "upright_fraction": 1.0,
  "delta": {
    "dx": 34.698090402166244,
    "dy": 6.317288937644027,
    "dz": -0.0465075447846337
  },
  "final_rpy": {
    "r": 0.24705394623071644,
    "p": 0.03134473384309614,
    "y": 0.805154934619099
  }
}
