{
  "variant_id": "5_pelton",
  "run_id": "definitive",
  "steps_logged": 4000,
  "max_abs_roll": 0.32952304306050895,
  "max_abs_pitch": 0.4601086465841525,
  "upright_fraction": 1.0,
  "delta": {
    "dx": 34.69809025896036,
    "dy": 6.317289832375715,
    "dz": -0.04649754042429444
  },
  "final_rpy": {
    "r": 0.24705394623071644,
    "p": 0.03134473384309614,
    "y": 0.805154934619099
  }
}