{
  "variant_id": "36_take_five",
  "run_id": "all_telemetry_20260210_121607_r00",
  "steps_logged": 400,
  "max_abs_roll": 0.1552332705508689,
  "max_abs_pitch": 0.6095706354190925,
  "upright_fraction": 1.0,
  "delta": {
    "dx": -27.715507028352096,
    "dy": 4.952726992575341,
    "dz": -0.08492991876952516
  },
  "final_rpy": {
    "r": -0.01775523996933974,
    "p": -0.03279829738403599,
    "y": -0.10556808307279637
  }
}
