{
  "variant_id": "36_take_five",
  "run_id": "definitive",
  "steps_logged": 4000,
  "max_abs_roll": 0.155359805350838,
  "max_abs_pitch": 0.6126888802239251,
  "upright_fraction": 1.0,
  "delta": {
    "dx": -27.715507171557974,
    "dy": 4.952727887307029,
    "dz": -0.08491991440918589
  },
  "final_rpy": {
    "r": -0.01775523996933974,
    "p": -0.03279829738403599,
    "y": -0.10556808307279637
  }
}