{
  "variant_id": "24_wolfram_flipped",
  "run_id": "definitive",
  "steps_logged": 4000,
  "max_abs_roll": 0.12163723849868119,
  "max_abs_pitch": 0.7385138538804924,
  "upright_fraction": 1.0,
  "delta": {
    "dx": -3.6879566618046518,
    "dy": 0.041446877936938374,
    "dz": -0.17481333711483082
  },
  "final_rpy": {
    "r": -0.00010798810915293723,
    "p": 0.11144356569921163,
    "y": 0.14829611489274966
  }
}