{
  "variant_id": "24_wolfram_flipped",
  "run_id": "all_telemetry_20260210_121606_r00",
  "steps_logged": 400,
  "max_abs_roll": 0.12147160318364378,
  "max_abs_pitch": 0.7366054332157687,
  "upright_fraction": 1.0,
  "delta": {
    "dx": -3.687956518598774,
    "dy": 0.04144598320525076,
    "dz": -0.1748233414751701
  },
  "final_rpy": {
    "r": -0.00010798810915293723,
    "p": 0.11144356569921163,
    "y": 0.14829611489274966
  }
}
