{
  "variant_id": "37_hemiola",
  "run_id": "definitive",
  "steps_logged": 4000,
  "max_abs_roll": 0.1916698602426148,
  "max_abs_pitch": 0.7301499964769315,
  "upright_fraction": 1.0,
  "delta": {
    "dx": 22.627342092343994,
    "dy": 9.446437608262237,
    "dz": -0.2749097421230744
  },
  "final_rpy": {
    "r": -0.1117553525214647,
    "p": 0.0936108913002034,
    "y": 0.8579384916130168
  }
}