{
  "variant_id": "37_hemiola",
  "run_id": "all_telemetry_20260210_121607_r00",
  "steps_logged": 400,
  "max_abs_roll": 0.18737951679260398,
  "max_abs_pitch": 0.7276479903189632,
  "upright_fraction": 1.0,
  "delta": {
    "dx": 22.62734223554987,
    "dy": 9.446436713530549,
    "dz": -0.27491974648341366
  },
  "final_rpy": {
    "r": -0.1117553525214647,
    "p": 0.0936108913002034,
    "y": 0.8579384916130168
  }
}
