{
  "variant_id": "45_spinner_stable",
  "run_id": "all_telemetry_20260210_121607_r00",
  "steps_logged": 400,
  "max_abs_roll": 0.14895727500050093,
  "max_abs_pitch": 0.49883742659144065,
  "upright_fraction": 1.0,
  "delta": {
    "dx": -4.303587459999515,
    "dy": 1.0793992190285264,
    "dz": 0.047344053917366624
  },
  "final_rpy": {
    "r": -0.13423802402632257,
    "p": -0.004124452020311325,
    "y": -0.5398548093457
  }
}
