{
  "variant_id": "45_spinner_stable",
  "run_id": "definitive",
  "steps_logged": 4000,
  "max_abs_roll": 0.14895727500050093,
  "max_abs_pitch": 0.5060910697025149,
  "upright_fraction": 1.0,
  "delta": {
    "dx": -4.3035876032053935,
    "dy": 1.079400113760214,
    "dz": 0.04735405827770589
  },
  "final_rpy": {
    "r": -0.13423802402632257,
    "p": -0.004124452020311325,
    "y": -0.5398548093457
  }
}