{
  "variant_id": "54_rucker_sidewinder",
  "run_id": "all_telemetry_20260210_121608_r00",
  "steps_logged": 400,
  "max_abs_roll": 0.2497669861742157,
  "max_abs_pitch": 0.651268147586923,
  "upright_fraction": 1.0,
  "delta": {
    "dx": 5.703859752068413,
    "dy": 15.19114081659161,
    "dz": -0.2841440492231866
  },
  "final_rpy": {
    "r": -0.0002346147277324571,
    "p": 0.13913777684201398,
    "y": 1.8227704768298394
  }
}
