{
  "variant_id": "54_rucker_sidewinder",
  "run_id": "definitive",
  "steps_logged": 4000,
  "max_abs_roll": 0.25113121013416645,
  "max_abs_pitch": 0.6519515955485036,
  "upright_fraction": 1.0,
  "delta": {
    "dx": 5.703859608862535,
    "dy": 15.191141711323297,
    "dz": -0.2841340448628473
  },
  "final_rpy": {
    "r": -0.0002346147277324571,
    "p": 0.13913777684201398,
    "y": 1.8227704768298394
  }
}