{
  "variant_id": "109_pacino_hooah",
  "run_id": "persona_telemetry_20260210_112014_r00",
  "steps_logged": 400,
  "max_abs_roll": 0.20666222581883414,
  "max_abs_pitch": 0.8334034054313086,
  "upright_fraction": 1.0,
  "delta": {
    "dx": 5.153502570914607,
    "dy": -1.191517668009583,
    "dz": -0.13356509469023048
  },
  "final_rpy": {
    "r": 0.02667347186729884,
    "p": -0.0934255129719786,
    "y": 1.5257103091847009
  }
}
