{
  "variant_id": "109_pacino_hooah",
  "run_id": "definitive",
  "steps_logged": 4000,
  "max_abs_roll": 0.20899811501573798,
  "max_abs_pitch": 0.8388217714723454,
  "upright_fraction": 1.0,
  "delta": {
    "dx": 5.1535024277087285,
    "dy": -1.1915167732778953,
    "dz": -0.1335550903298912
  },
  "final_rpy": {
    "r": 0.02667347186729884,
    "p": -0.0934255129719786,
    "y": 1.5257103091847009
  }
}