{
  "variant_id": "97_jackson_castle",
  "run_id": "persona_telemetry_20260210_115202_r00",
  "steps_logged": 400,
  "max_abs_roll": 0.30896462808928193,
  "max_abs_pitch": 0.6298145018015904,
  "upright_fraction": 1.0,
  "delta": {
    "dx": 3.437866667426451,
    "dy": 4.813445362685123,
    "dz": -0.10538771778497225
  },
  "final_rpy": {
    "r": -0.002301441398664632,
    "p": -0.0030848952542348596,
    "y": -0.25140096743958906
  }
}
