{
  "variant_id": "97_jackson_castle",
  "run_id": "definitive",
  "steps_logged": 4000,
  "max_abs_roll": 0.3093847378798139,
  "max_abs_pitch": 0.6305710739852883,
  "upright_fraction": 1.0,
  "delta": {
    "dx": 3.4378665242205733,
    "dy": 4.81344625741681,
    "dz": -0.10537771342463298
  },
  "final_rpy": {
    "r": -0.002301441398664632,
    "p": -0.0030848952542348596,
    "y": -0.25140096743958906
  }
}