{
  "variant_id": "49_pelton_pirouette",
  "run_id": "definitive",
  "steps_logged": 4000,
  "max_abs_roll": 0.2708346703930964,
  "max_abs_pitch": 0.7066585303601871,
  "upright_fraction": 1.0,
  "delta": {
    "dx": 11.117155722250967,
    "dy": 1.0545291271551887,
    "dz": -0.19267679030714535
  },
  "final_rpy": {
    "r": 0.07673271312794296,
    "p": -0.04279099785939084,
    "y": 3.050713667412981
  }
}