{
  "variant_id": "49_pelton_pirouette",
  "run_id": "all_telemetry_20260210_121607_r00",
  "steps_logged": 400,
  "max_abs_roll": 0.259623106240799,
  "max_abs_pitch": 0.690262683765335,
  "upright_fraction": 1.0,
  "delta": {
    "dx": 11.117155865456844,
    "dy": 1.054528232423501,
    "dz": -0.19268679466748462
  },
  "final_rpy": {
    "r": 0.07673271312794296,
    "p": -0.04279099785939084,
    "y": 3.050713667412981
  }
}
