{
  "variant_id": "16_franklin",
  "run_id": "persona_telemetry_20260210_115159_r00",
  "steps_logged": 400,
  "max_abs_roll": 0.049868711662518016,
  "max_abs_pitch": 0.9714131897655511,
  "upright_fraction": 1.0,
  "delta": {
    "dx": -17.492587487090518,
    "dy": 10.240474690416814,
    "dz": -0.0535770934759674
  },
  "final_rpy": {
    "r": -0.00023732504933702826,
    "p": 0.06033766317408222,
    "y": -0.9264449461732068
  }
}
