{
  "variant_id": "16_franklin",
  "run_id": "definitive",
  "steps_logged": 4000,
  "max_abs_roll": 0.05408134994103812,
  "max_abs_pitch": 0.9828641772468366,
  "upright_fraction": 1.0,
  "delta": {
    "dx": -17.492587630296395,
    "dy": 10.240475585148502,
    "dz": -0.05356708911562813
  },
  "final_rpy": {
    "r": -0.00023732504933702826,
    "p": 0.06033766317408222,
    "y": -0.9264449461732068
  }
}