{
  "variant_id": "67_womack_terraplane",
  "run_id": "definitive",
  "steps_logged": 4000,
  "max_abs_roll": 0.10623052557768652,
  "max_abs_pitch": 0.4650702439048807,
  "upright_fraction": 1.0,
  "delta": {
    "dx": 4.4092659934098135,
    "dy": -1.9056672462457995,
    "dz": 0.013086622064669706
  },
  "final_rpy": {
    "r": -4.970284775513014e-07,
    "p": 0.04929373614334003,
    "y": -0.4239819337199418
  }
}