{
  "variant_id": "67_womack_terraplane",
  "run_id": "persona_telemetry_20260210_115200_r00",
  "steps_logged": 400,
  "max_abs_roll": 0.10384627223877142,
  "max_abs_pitch": 0.4635363136170236,
  "upright_fraction": 1.0,
  "delta": {
    "dx": 4.409266136615692,
    "dy": -1.9056681409774872,
    "dz": 0.01307661770433044
  },
  "final_rpy": {
    "r": -4.970284775513014e-07,
    "p": 0.04929373614334003,
    "y": -0.4239819337199418
  }
}
