{
  "variant_id": "85_foucault_panopticon",
  "run_id": "definitive",
  "steps_logged": 4000,
  "max_abs_roll": 0.14442102795485398,
  "max_abs_pitch": 0.25127853302086284,
  "upright_fraction": 1.0,
  "delta": {
    "dx": -1.9256356171647135,
    "dy": 0.6525171850986324,
    "dz": -0.10105282459799536
  },
  "final_rpy": {
    "r": -3.28233065574553e-06,
    "p": 0.0012342297958788436,
    "y": -0.02515438879937022
  }
}