{
  "variant_id": "85_foucault_panopticon",
  "run_id": "persona_telemetry_20260210_115201_r00",
  "steps_logged": 400,
  "max_abs_roll": 0.1441581446952199,
  "max_abs_pitch": 0.249857805259562,
  "upright_fraction": 1.0,
  "delta": {
    "dx": -1.9256354739588355,
    "dy": 0.6525162903669448,
    "dz": -0.10106282895833463
  },
  "final_rpy": {
    "r": -3.28233065574553e-06,
    "p": 0.0012342297958788436,
    "y": -0.02515438879937022
  }
}
