{
  "variant_id": "111_biles_twisties",
  "run_id": "persona_telemetry_20260210_114030_r00",
  "steps_logged": 400,
  "max_abs_roll": 0.01384976143995155,
  "max_abs_pitch": 0.3627051383991348,
  "upright_fraction": 1.0,
  "delta": {
    "dx": 7.323837477197149,
    "dy": -2.680532564905048,
    "dz": -0.006016681984337691
  },
  "final_rpy": {
    "r": -0.00016081902559100084,
    "p": 0.14950832909850703,
    "y": -0.5922805484921249
  }
}
