{
  "variant_id": "111_biles_twisties",
  "run_id": "definitive",
  "steps_logged": 4000,
  "max_abs_roll": 0.014838789132893217,
  "max_abs_pitch": 0.3627051383991348,
  "upright_fraction": 1.0,
  "delta": {
    "dx": 7.32383733399127,
    "dy": -2.6805316701733606,
    "dz": -0.006006677623998424
  },
  "final_rpy": {
    "r": -0.00016081902559100084,
    "p": 0.14950832909850703,
    "y": -0.5922805484921249
  }
}