{
  "variant_id": "53_rucker_landcrab",
  "run_id": "all_telemetry_20260210_121608_r00",
  "steps_logged": 400,
  "max_abs_roll": 0.1962190286962002,
  "max_abs_pitch": 0.6372377706349697,
  "upright_fraction": 1.0,
  "delta": {
    "dx": 11.461350112585064,
    "dy": 27.052684186686747,
    "dz": -0.10328939462804887
  },
  "final_rpy": {
    "r": -0.016270954681413943,
    "p": -0.1829873269217796,
    "y": 1.4300172342066075
  }
}
