{
  "variant_id": "53_rucker_landcrab",
  "run_id": "definitive",
  "steps_logged": 4000,
  "max_abs_roll": 0.19887715981058313,
  "max_abs_pitch": 0.6416868218831553,
  "upright_fraction": 1.0,
  "delta": {
    "dx": 11.461349969379187,
    "dy": 27.052685081418435,
    "dz": -0.1032793902677096
  },
  "final_rpy": {
    "r": -0.016270954681413943,
    "p": -0.1829873269217796,
    "y": 1.4300172342066075
  }
}