{
  "variant_id": "10_tesla_3phase",
  "run_id": "definitive",
  "steps_logged": 4000,
  "max_abs_roll": 3.1414764422268813,
  "max_abs_pitch": 1.3749579239381546,
  "upright_fraction": 0.783,
  "delta": {
    "dx": -18.328515244479682,
    "dy": 15.4855011135,
    "dz": -0.5397780729371444
  },
  "final_rpy": {
    "r": -1.3375758092063974,
    "p": 0.10009022004958947,
    "y": -2.7467001238904385
  }
}