{
  "variant_id": "9_mandelbrot",
  "run_id": "definitive",
  "steps_logged": 4000,
  "max_abs_roll": 0.1380751632600072,
  "max_abs_pitch": 0.7965641715293234,
  "upright_fraction": 1.0,
  "delta": {
    "dx": -2.413539340657073,
    "dy": -0.4027100898177365,
    "dz": 0.17615658107723853
  },
  "final_rpy": {
    "r": 0.0001445153395628906,
    "p": -0.4006064745027297,
    "y": 0.5781886286516928
  }
}