{
  "variant_id": "80_deleuze_fold",
  "run_id": "definitive",
  "steps_logged": 4000,
  "max_abs_roll": 0.07254269712223077,
  "max_abs_pitch": 0.42344153613366037,
  "upright_fraction": 1.0,
  "delta": {
    "dx": -21.93466653312604,
    "dy": 8.469620929338758,
    "dz": -0.03727050922783404
  },
  "final_rpy": {
    "r": -0.00010625711758845922,
    "p": -0.09455165810694943,
    "y": -0.4317137633532088
  }
}