{
  "variant_id": "80_deleuze_fold",
  "run_id": "persona_telemetry_20260210_115201_r00",
  "steps_logged": 400,
  "max_abs_roll": 0.0711683974376401,
  "max_abs_pitch": 0.4224695316732411,
  "upright_fraction": 1.0,
  "delta": {
    "dx": -21.934666389920164,
    "dy": 8.46962003460707,
    "dz": -0.0372805135881733
  },
  "final_rpy": {
    "r": -0.00010625711758845922,
    "p": -0.09455165810694943,
    "y": -0.4317137633532088
  }
}
