{
  "variant_id": "21_noether_cpg",
  "run_id": "all_telemetry_20260210_121606_r00",
  "steps_logged": 400,
  "max_abs_roll": 0.15106683728722464,
  "max_abs_pitch": 0.6051548331469608,
  "upright_fraction": 1.0,
  "delta": {
    "dx": -43.22509599310449,
    "dy": -7.116676976870834,
    "dz": -0.21449051199899172
  },
  "final_rpy": {
    "r": 0.0017551937454533158,
    "p": 0.026810074707896793,
    "y": 0.6205975132003592
  }
}
