{
  "variant_id": "21_noether_cpg",
  "run_id": "definitive",
  "steps_logged": 4000,
  "max_abs_roll": 0.1520821884648418,
  "max_abs_pitch": 0.6086231640571883,
  "upright_fraction": 1.0,
  "delta": {
    "dx": -43.22509613631037,
    "dy": -7.116676082139146,
    "dz": -0.21448050763865245
  },
  "final_rpy": {
    "r": 0.0017551937454533158,
    "p": 0.026810074707896793,
    "y": 0.6205975132003592
  }
}