{
  "variant_id": "61_fibonacci_spiral",
  "run_id": "persona_telemetry_20260210_115200_r00",
  "steps_logged": 400,
  "max_abs_roll": 1.594556037977211,
  "max_abs_pitch": 0.5863525479334578,
  "upright_fraction": 0.2275,
  "delta": {
    "dx": 2.814044928426004,
    "dy": 5.731336546790973,
    "dz": -1.000010741281445
  },
  "final_rpy": {
    "r": -1.5707966526410255,
    "p": 1.5350982576690788e-06,
    "y": -1.3232772323082778
  }
}
