{
  "variant_id": "61_fibonacci_spiral",
  "run_id": "definitive",
  "steps_logged": 4000,
  "max_abs_roll": 1.5953216457125678,
  "max_abs_pitch": 0.5864747428901809,
  "upright_fraction": 0.23975000000000002,
  "delta": {
    "dx": 2.8140447852201262,
    "dy": 5.731337441522661,
    "dz": -1.0000007369211057
  },
  "final_rpy": {
    "r": -1.5707966526410255,
    "p": 1.5350982576690788e-06,
    "y": -1.3232772323082778
  }
}