{
  "variant_id": "105_papp_shakespeare",
  "run_id": "definitive",
  "steps_logged": 4000,
  "max_abs_roll": 0.2629766828657461,
  "max_abs_pitch": 0.7430611887180972,
  "upright_fraction": 1.0,
  "delta": {
    "dx": 3.2823337950409632,
    "dy": 2.9261809257360527,
    "dz": -0.03342227337621617
  },
  "final_rpy": {
    "r": -0.10174720404872478,
    "p": 0.030807837611609372,
    "y": -0.6059009917886959
  }
}