{
  "variant_id": "105_papp_shakespeare",
  "run_id": "persona_telemetry_20260210_112014_r00",
  "steps_logged": 400,
  "max_abs_roll": 0.2622397659206001,
  "max_abs_pitch": 0.7369030352921148,
  "upright_fraction": 1.0,
  "delta": {
    "dx": 3.282333938246841,
    "dy": 2.9261800310043653,
    "dz": -0.03343227773655544
  },
  "final_rpy": {
    "r": -0.10174720404872478,
    "p": 0.030807837611609372,
    "y": -0.6059009917886959
  }
}
