{
  "variant_id": "46_spinner_crosswired",
  "run_id": "all_telemetry_20260210_121607_r00",
  "steps_logged": 400,
  "max_abs_roll": 0.13805287703785077,
  "max_abs_pitch": 0.2996178863635115,
  "upright_fraction": 1.0,
  "delta": {
    "dx": 0.5251942569571229,
    "dy": -0.16342796921853264,
    "dz": 0.16587500856536086
  },
  "final_rpy": {
    "r": 0.09445656684107809,
    "p": -0.27205707771432336,
    "y": 0.6742165879121599
  }
}
