{
  "variant_id": "46_spinner_crosswired",
  "run_id": "definitive",
  "steps_logged": 4000,
  "max_abs_roll": 0.1422179122716827,
  "max_abs_pitch": 0.3097315326607693,
  "upright_fraction": 1.0,
  "delta": {
    "dx": 0.5251941137512449,
    "dy": -0.16342707448684501,
    "dz": 0.16588501292570013
  },
  "final_rpy": {
    "r": 0.09445656684107809,
    "p": -0.27205707771432336,
    "y": 0.6742165879121599
  }
}