{
  "variant_id": "95_jackson_lottery",
  "run_id": "definitive",
  "steps_logged": 4000,
  "max_abs_roll": 0.2542618932286829,
  "max_abs_pitch": 0.4779808225718004,
  "upright_fraction": 1.0,
  "delta": {
    "dx": -4.377707296613278,
    "dy": -2.465036899624294,
    "dz": -0.09994506867452913
  },
  "final_rpy": {
    "r": 0.00014420944211307338,
    "p": -0.13655467782826924,
    "y": 1.2038671042665399
  }
}