{
  "variant_id": "74_dick_valis",
  "run_id": "definitive",
  "steps_logged": 4000,
  "max_abs_roll": 0.3771168422652263,
  "max_abs_pitch": 0.6502026225096441,
  "upright_fraction": 1.0,
  "delta": {
    "dx": 23.742699337502096,
    "dy": 15.190060316599917,
    "dz": -0.31377923171444855
  },
  "final_rpy": {
    "r": 0.029280835398646295,
    "p": 0.014482171722151226,
    "y": 1.2538012309652964
  }
}