{
  "variant_id": "74_dick_valis",
  "run_id": "persona_telemetry_20260210_115201_r00",
  "steps_logged": 400,
  "max_abs_roll": 0.3771168422652263,
  "max_abs_pitch": 0.643658099101142,
  "upright_fraction": 1.0,
  "delta": {
    "dx": 23.742699480707973,
    "dy": 15.190059421868229,
    "dz": -0.3137892360747878
  },
  "final_rpy": {
    "r": 0.029280835398646295,
    "p": 0.014482171722151226,
    "y": 1.2538012309652964
  }
}
