{
  "variant_id": "89_stein_rose",
  "run_id": "definitive",
  "steps_logged": 4000,
  "max_abs_roll": 0.13504264273490954,
  "max_abs_pitch": 0.5037565332047965,
  "upright_fraction": 1.0,
  "delta": {
    "dx": 0.28627856911176724,
    "dy": -2.2679981464312244,
    "dz": -0.15796158588934928
  },
  "final_rpy": {
    "r": -2.8378082114277294e-05,
    "p": 0.0002226880104674473,
    "y": -0.8640327122329874
  }
}