{
  "variant_id": "89_stein_rose",
  "run_id": "persona_telemetry_20260210_115202_r00",
  "steps_logged": 400,
  "max_abs_roll": 0.13452757073703456,
  "max_abs_pitch": 0.5026570007380663,
  "upright_fraction": 1.0,
  "delta": {
    "dx": 0.2862787123176452,
    "dy": -2.267999041162912,
    "dz": -0.15797159024968854
  },
  "final_rpy": {
    "r": -2.8378082114277294e-05,
    "p": 0.0002226880104674473,
    "y": -0.8640327122329874
  }
}
