{
  "variant_id": "103_jgcramer_absorber",
  "run_id": "definitive",
  "steps_logged": 4000,
  "max_abs_roll": 0.19486477005814704,
  "max_abs_pitch": 0.20044088216501793,
  "upright_fraction": 1.0,
  "delta": {
    "dx": -12.477926257790928,
    "dy": 10.066199933622853,
    "dz": -0.035487881312413094
  },
  "final_rpy": {
    "r": -3.683484128312125e-05,
    "p": 0.005686386729615222,
    "y": -0.666981625015494
  }
}