{
  "variant_id": "103_jgcramer_absorber",
  "run_id": "persona_telemetry_20260210_112014_r00",
  "steps_logged": 400,
  "max_abs_roll": 0.1871522396206814,
  "max_abs_pitch": 0.20044088216501793,
  "upright_fraction": 1.0,
  "delta": {
    "dx": -12.47792611458505,
    "dy": 10.066199038891165,
    "dz": -0.03549788567275236
  },
  "final_rpy": {
    "r": -3.683484128312125e-05,
    "p": 0.005686386729615222,
    "y": -0.666981625015494
  }
}
