{
  "variant_id": "70_grunbaum_defect",
  "run_id": "persona_telemetry_20260210_115200_r00",
  "steps_logged": 400,
  "max_abs_roll": 0.026194596727655024,
  "max_abs_pitch": 0.25848564430689447,
  "upright_fraction": 1.0,
  "delta": {
    "dx": -0.06825921883225801,
    "dy": 0.1955332398036563,
    "dz": -0.15911746600224874
  },
  "final_rpy": {
    "r": -3.079393109212411e-05,
    "p": -0.01574773051513802,
    "y": 0.046576882529289716
  }
}
