{
  "variant_id": "70_grunbaum_defect",
  "run_id": "definitive",
  "steps_logged": 4000,
  "max_abs_roll": 0.026666308143290435,
  "max_abs_pitch": 0.26564555027991094,
  "upright_fraction": 1.0,
  "delta": {
    "dx": -0.06825936203813594,
    "dy": 0.19553413453534393,
    "dz": -0.15910746164190948
  },
  "final_rpy": {
    "r": -3.079393109212411e-05,
    "p": -0.01574773051513802,
    "y": 0.046576882529289716
  }
}