{
  "variant_id": "4_sayama",
  "run_id": "definitive",
  "steps_logged": 4000,
  "max_abs_roll": 0.2381519935456999,
  "max_abs_pitch": 0.9092434470367233,
  "upright_fraction": 1.0,
  "delta": {
    "dx": -14.564637738808637,
    "dy": -4.581781686257178,
    "dz": -0.01593122691288551
  },
  "final_rpy": {
    "r": -0.0004942831125389129,
    "p": -0.03850960829928085,
    "y": 1.4569303258348487
  }
}