{
  "variant_id": "4_sayama",
  "run_id": "persona_telemetry_20260210_115159_r00",
  "steps_logged": 400,
  "max_abs_roll": 0.22894386500890734,
  "max_abs_pitch": 0.9003763393730972,
  "upright_fraction": 1.0,
  "delta": {
    "dx": -14.56463759560276,
    "dy": -4.5817825809888655,
    "dz": -0.015941231273224776
  },
  "final_rpy": {
    "r": -0.0004942831125389129,
    "p": -0.03850960829928085,
    "y": 1.4569303258348487
  }
}
