{
  "variant_id": "57_evolved_sidewinder",
  "run_id": "definitive",
  "steps_logged": 4000,
  "max_abs_roll": 0.3286365648793245,
  "max_abs_pitch": 0.4224098006827269,
  "upright_fraction": 1.0,
  "delta": {
    "dx": -3.9887752625679354,
    "dy": -39.323310364958644,
    "dz": -0.09522761667045598
  },
  "final_rpy": {
    "r": -0.00687783813404186,
    "p": 0.3003981957514437,
    "y": -1.5091035623473255
  }
}