{
  "variant_id": "57_evolved_sidewinder",
  "run_id": "all_telemetry_20260210_121608_r00",
  "steps_logged": 400,
  "max_abs_roll": 0.32275855268037695,
  "max_abs_pitch": 0.41818034999802933,
  "upright_fraction": 1.0,
  "delta": {
    "dx": -3.9887751193620575,
    "dy": -39.32331125969033,
    "dz": -0.09523762103079525
  },
  "final_rpy": {
    "r": -0.00687783813404186,
    "p": 0.3003981957514437,
    "y": -1.5091035623473255
  }
}
