{
  "variant_id": "5_gallop",
  "run_id": "definitive",
  "steps_logged": 4000,
  "max_abs_roll": 3.141592331421386,
  "max_abs_pitch": 1.5189004325814761,
  "upright_fraction": 0.03200000000000003,
  "delta": {
    "dx": -4.440806616901071,
    "dy": -0.45617371644048565,
    "dz": -0.7826154197558594
  },
  "final_rpy": {
    "r": -3.0961730271132897,
    "p": -0.6351217649084893,
    "y": 2.132137751071058
  }
}