{
  "variant_id": "5_gallop",
  "run_id": "all_telemetry_20260210_121607_r00",
  "steps_logged": 400,
  "max_abs_roll": 3.141588644997488,
  "max_abs_pitch": 1.501766748006878,
  "upright_fraction": 0.0325,
  "delta": {
    "dx": -4.440806473695193,
    "dy": -0.4561746111721733,
    "dz": -0.7826254241161986
  },
  "final_rpy": {
    "r": -3.0961730271132897,
    "p": -0.6351217649084893,
    "y": 2.132137751071058
  }
}
