{
  "variant_id": "76_dick_ubik",
  "run_id": "definitive",
  "steps_logged": 4000,
  "max_abs_roll": 3.1415923501311216,
  "max_abs_pitch": 1.0709897636642494,
  "upright_fraction": 0.11124999999999996,
  "delta": {
    "dx": 0.8849743612413062,
    "dy": -4.048150397687351,
    "dz": -1.0000004689096471
  },
  "final_rpy": {
    "r": 3.14159142703028,
    "p": 3.6314423730433543e-09,
    "y": 0.11556914842494032
  }
}