{
  "variant_id": "76_dick_ubik",
  "run_id": "persona_telemetry_20260210_115201_r00",
  "steps_logged": 400,
  "max_abs_roll": 3.141591822589967,
  "max_abs_pitch": 1.0709288138897095,
  "upright_fraction": 0.1025,
  "delta": {
    "dx": 0.8849745044471842,
    "dy": -4.048151292419039,
    "dz": -1.0000104732699864
  },
  "final_rpy": {
    "r": 3.14159142703028,
    "p": 3.6314423730433543e-09,
    "y": 0.11556914842494032
  }
}
