{
  "variant_id": "102_jgcramer_handshake",
  "run_id": "persona_telemetry_20260210_112014_r00",
  "steps_logged": 400,
  "max_abs_roll": 0.13324170251402673,
  "max_abs_pitch": 0.6618514853779728,
  "upright_fraction": 1.0,
  "delta": {
    "dx": 10.606446827319484,
    "dy": -7.736498561913474,
    "dz": -0.04642622638237648
  },
  "final_rpy": {
    "r": 0.0001795615405257509,
    "p": -0.08011117417015894,
    "y": -1.704975074083696
  }
}
