{
  "variant_id": "102_jgcramer_handshake",
  "run_id": "definitive",
  "steps_logged": 4000,
  "max_abs_roll": 0.13350223757643967,
  "max_abs_pitch": 0.6737015058545308,
  "upright_fraction": 1.0,
  "delta": {
    "dx": 10.606446684113607,
    "dy": -7.736497667181786,
    "dz": -0.04641622202203721
  },
  "final_rpy": {
    "r": 0.0001795615405257509,
    "p": -0.08011117417015894,
    "y": -1.704975074083696
  }
}