{
  "variant_id": "91_stein_tender_buttons",
  "run_id": "definitive",
  "steps_logged": 4000,
  "max_abs_roll": 0.18310892969804282,
  "max_abs_pitch": 0.6481053459725011,
  "upright_fraction": 1.0,
  "delta": {
    "dx": -10.776893706569304,
    "dy": -4.19515802937093,
    "dz": -0.1570342595637506
  },
  "final_rpy": {
    "r": -0.007901123712173379,
    "p": -0.08761685125760679,
    "y": 0.7408984589594447
  }
}