{
  "variant_id": "91_stein_tender_buttons",
  "run_id": "persona_telemetry_20260210_115202_r00",
  "steps_logged": 400,
  "max_abs_roll": 0.18310892969804282,
  "max_abs_pitch": 0.6469751121434313,
  "upright_fraction": 1.0,
  "delta": {
    "dx": -10.776893563363426,
    "dy": -4.195158924102618,
    "dz": -0.15704426392408988
  },
  "final_rpy": {
    "r": -0.007901123712173379,
    "p": -0.08761685125760679,
    "y": 0.7408984589594447
  }
}
