{
  "variant_id": "73_gallagher_sieve",
  "run_id": "definitive",
  "steps_logged": 4000,
  "max_abs_roll": 1.6496253380610824,
  "max_abs_pitch": 0.9254575514942331,
  "upright_fraction": 0.28574999999999995,
  "delta": {
    "dx": 1.095212720466635,
    "dy": -2.172108901697302,
    "dz": -1.0000008345386697
  },
  "final_rpy": {
    "r": -1.570796408603385,
    "p": -2.3084107214540597e-06,
    "y": 1.6284846023213575
  }
}