{
  "variant_id": "73_gallagher_sieve",
  "run_id": "persona_telemetry_20260210_115200_r00",
  "steps_logged": 400,
  "max_abs_roll": 1.6124869730196512,
  "max_abs_pitch": 0.9254120412784587,
  "upright_fraction": 0.25,
  "delta": {
    "dx": 1.0952128636725131,
    "dy": -2.1721097964289893,
    "dz": -1.000010838899009
  },
  "final_rpy": {
    "r": -1.570796408603385,
    "p": -2.3084107214540597e-06,
    "y": 1.6284846023213575
  }
}
