{
  "variant_id": "108_pacino_godfather",
  "run_id": "definitive",
  "steps_logged": 4000,
  "max_abs_roll": 0.18260862416852608,
  "max_abs_pitch": 0.7470885883365845,
  "upright_fraction": 1.0,
  "delta": {
    "dx": 3.4045650848923685,
    "dy": 2.2152818562927328,
    "dz": 0.07251085748019492
  },
  "final_rpy": {
    "r": -0.002339939973041992,
    "p": -0.3918607400818398,
    "y": 0.5880495437057203
  }
}