{
  "variant_id": "108_pacino_godfather",
  "run_id": "persona_telemetry_20260210_112014_r00",
  "steps_logged": 400,
  "max_abs_roll": 0.1806124717544147,
  "max_abs_pitch": 0.7391858263409076,
  "upright_fraction": 1.0,
  "delta": {
    "dx": 3.4045652280982464,
    "dy": 2.2152809615610454,
    "dz": 0.07250085311985566
  },
  "final_rpy": {
    "r": -0.002339939973041992,
    "p": -0.3918607400818398,
    "y": 0.5880495437057203
  }
}
