{
  "variant_id": "62_cage_433",
  "run_id": "persona_telemetry_20260210_115200_r00",
  "steps_logged": 400,
  "max_abs_roll": 0.00023320823919834006,
  "max_abs_pitch": 0.0027281906451198856,
  "upright_fraction": 1.0,
  "delta": {
    "dx": 0.0033110780776223637,
    "dy": 0.007360033013049732,
    "dz": 0.0101631702546503
  },
  "final_rpy": {
    "r": 9.347668017370905e-06,
    "p": 6.582465117091482e-05,
    "y": 0.0029143252435483444
  }
}
