{
  "variant_id": "62_cage_433",
  "run_id": "definitive",
  "steps_logged": 4000,
  "max_abs_roll": 0.00034861451314334327,
  "max_abs_pitch": 0.00292132037907438,
  "upright_fraction": 1.0,
  "delta": {
    "dx": 0.003310934871744423,
    "dy": 0.007360927744737347,
    "dz": 0.010173174614989566
  },
  "final_rpy": {
    "r": 9.347668017370905e-06,
    "p": 6.582465117091482e-05,
    "y": 0.0029143252435483444
  }
}