{
  "variant_id": "44_spinner_champion",
  "run_id": "definitive",
  "steps_logged": 4000,
  "max_abs_roll": 0.5839967002801685,
  "max_abs_pitch": 0.7551300672224207,
  "upright_fraction": 1.0,
  "delta": {
    "dx": 0.2453624885059923,
    "dy": 0.8495533849517608,
    "dz": 0.24805350211485244
  },
  "final_rpy": {
    "r": 0.5839967002801685,
    "p": 0.25357832639286354,
    "y": 2.0638378103421324
  }
}