{
  "variant_id": "44_spinner_champion",
  "run_id": "all_telemetry_20260210_121607_r00",
  "steps_logged": 400,
  "max_abs_roll": 0.5815962942216703,
  "max_abs_pitch": 0.7529762362008197,
  "upright_fraction": 1.0,
  "delta": {
    "dx": 0.24536263171187023,
    "dy": 0.8495524902200732,
    "dz": 0.24804349775451318
  },
  "final_rpy": {
    "r": 0.5839967002801685,
    "p": 0.25357832639286354,
    "y": 2.0638378103421324
  }
}
