{
  "variant_id": "50_noether_cyclone",
  "run_id": "definitive",
  "steps_logged": 4000,
  "max_abs_roll": 0.19766057804688866,
  "max_abs_pitch": 0.6402012239176796,
  "upright_fraction": 1.0,
  "delta": {
    "dx": -30.158187938370766,
    "dy": -13.513059201962703,
    "dz": 0.12488316717550196
  },
  "final_rpy": {
    "r": -0.061955863151871494,
    "p": -0.3482069114536263,
    "y": 1.1884830077070017
  }
}