{
  "variant_id": "51_bouncer_detonated",
  "run_id": "definitive",
  "steps_logged": 4000,
  "max_abs_roll": 0.3534285540052429,
  "max_abs_pitch": 0.6918979244534419,
  "upright_fraction": 1.0,
  "delta": {
    "dx": 7.536406260922092,
    "dy": -2.7607275772320747,
    "dz": 0.19681036624081405
  },
  "final_rpy": {
    "r": -2.857572657099865e-06,
    "p": 0.6145446851597943,
    "y": 3.007361255875673
  }
}