{
  "variant_id": "51_bouncer_detonated",
  "run_id": "all_telemetry_20260210_121608_r00",
  "steps_logged": 400,
  "max_abs_roll": 0.34995022426172195,
  "max_abs_pitch": 0.691720983532012,
  "upright_fraction": 1.0,
  "delta": {
    "dx": 7.536406404127971,
    "dy": -2.760728471963762,
    "dz": 0.19680036188047478
  },
  "final_rpy": {
    "r": -2.857572657099865e-06,
    "p": 0.6145446851597943,
    "y": 3.007361255875673
  }
}
