{
  "variant_id": "92_borges_labyrinth",
  "run_id": "definitive",
  "steps_logged": 4000,
  "max_abs_roll": 0.022553794580526823,
  "max_abs_pitch": 0.2970258938036915,
  "upright_fraction": 1.0,
  "delta": {
    "dx": 11.174915816658954,
    "dy": 2.470986288249457,
    "dz": 0.01974018655268006
  },
  "final_rpy": {
    "r": 4.1376801027121135e-06,
    "p": -0.2337082364100141,
    "y": 0.4358845682709577
  }
}