{
  "variant_id": "2_flipped",
  "run_id": "all_telemetry_20260210_121607_r00",
  "steps_logged": 400,
  "max_abs_roll": 0.14629442589027708,
  "max_abs_pitch": 0.6483728493434756,
  "upright_fraction": 1.0,
  "delta": {
    "dx": -8.272076931433363,
    "dy": 2.9153292646546376,
    "dz": -0.36614776077243816
  },
  "final_rpy": {
    "r": 0.04997213108066588,
    "p": -0.0011783244795703204,
    "y": -2.54018598298036
  }
}
