{
  "variant_id": "2_flipped",
  "run_id": "definitive",
  "steps_logged": 4000,
  "max_abs_roll": 0.1536804758967941,
  "max_abs_pitch": 0.6489143526893804,
  "upright_fraction": 1.0,
  "delta": {
    "dx": -8.27207707463924,
    "dy": 2.915330159386325,
    "dz": -0.3661377564120989
  },
  "final_rpy": {
    "r": 0.04997213108066588,
    "p": -0.0011783244795703204,
    "y": -2.54018598298036
  }
}