{
  "variant_id": "88_breton_automatic",
  "run_id": "definitive",
  "steps_logged": 4000,
  "max_abs_roll": 2.840653859834859,
  "max_abs_pitch": 1.5577900844541308,
  "upright_fraction": 0.06899999999999995,
  "delta": {
    "dx": -2.8520965733183434,
    "dy": -2.9883195057572753,
    "dz": -1.000000077724949
  },
  "final_rpy": {
    "r": 1.5707959831763747,
    "p": -6.844019336246547e-07,
    "y": 1.9748963102422856
  }
}