{
  "variant_id": "88_breton_automatic",
  "run_id": "persona_telemetry_20260210_115202_r00",
  "steps_logged": 400,
  "max_abs_roll": 2.840596751157373,
  "max_abs_pitch": 1.5106762855031521,
  "upright_fraction": 0.0525,
  "delta": {
    "dx": -2.8520964301124656,
    "dy": -2.9883204004889627,
    "dz": -1.0000100820852882
  },
  "final_rpy": {
    "r": 1.5707959831763747,
    "p": -6.844019336246547e-07,
    "y": 1.9748963102422856
  }
}
