{
  "variant_id": "64_cage_iching",
  "run_id": "persona_telemetry_20260210_115200_r00",
  "steps_logged": 400,
  "max_abs_roll": 3.1400278544134705,
  "max_abs_pitch": 1.519601591254015,
  "upright_fraction": 0.0725,
  "delta": {
    "dx": 5.564627585411798,
    "dy": -4.739293499683069,
    "dz": -1.000009883456726
  },
  "final_rpy": {
    "r": -1.5707957746762156,
    "p": 6.627075647158862e-07,
    "y": 0.2786273587097193
  }
}
