{
  "variant_id": "64_cage_iching",
  "run_id": "definitive",
  "steps_logged": 4000,
  "max_abs_roll": 3.1409917348889436,
  "max_abs_pitch": 1.5380779873380037,
  "upright_fraction": 0.08099999999999996,
  "delta": {
    "dx": 5.56462744220592,
    "dy": -4.739292604951381,
    "dz": -0.9999998790963868
  },
  "final_rpy": {
    "r": -1.5707957746762156,
    "p": 6.627075647158862e-07,
    "y": 0.2786273587097193
  }
}