{
  "variant_id": "56_evolved_crab_v2",
  "run_id": "definitive",
  "steps_logged": 4000,
  "max_abs_roll": 0.10167545229795252,
  "max_abs_pitch": 0.4075327344456679,
  "upright_fraction": 1.0,
  "delta": {
    "dx": -6.70570084485115,
    "dy": -40.642665537898125,
    "dz": -0.13403606503717858
  },
  "final_rpy": {
    "r": -0.0071305887771679,
    "p": 0.0726408675699221,
    "y": -1.4883461387200394
  }
}