{
  "variant_id": "30_garch",
  "run_id": "definitive",
  "steps_logged": 4000,
  "max_abs_roll": 0.047204968769771864,
  "max_abs_pitch": 0.5317722594844082,
  "upright_fraction": 1.0,
  "delta": {
    "dx": -22.6922963669347,
    "dy": 9.537790101992691,
    "dz": -0.001955978623090937
  },
  "final_rpy": {
    "r": 0.00409108131458851,
    "p": -0.14195674916315512,
    "y": -0.5366538103067499
  }
}