{
  "variant_id": "30_garch",
  "run_id": "all_telemetry_20260210_121606_r00",
  "steps_logged": 400,
  "max_abs_roll": 0.04400123487087194,
  "max_abs_pitch": 0.5314956959851381,
  "upright_fraction": 1.0,
  "delta": {
    "dx": -22.69229622372882,
    "dy": 9.537789207261003,
    "dz": -0.0019659829834302034
  },
  "final_rpy": {
    "r": 0.00409108131458851,
    "p": -0.14195674916315512,
    "y": -0.5366538103067499
  }
}
