{
  "variant_id": "32_carry_trade",
  "run_id": "definitive",
  "steps_logged": 4000,
  "max_abs_roll": 0.40577670194234455,
  "max_abs_pitch": 0.5807947242376117,
  "upright_fraction": 1.0,
  "delta": {
    "dx": 32.221829268276004,
    "dy": -2.072133061492658,
    "dz": -0.16359777451473367
  },
  "final_rpy": {
    "r": -0.021803793701521954,
    "p": -0.11226191732330211,
    "y": -0.4994720930976557
  }
}