{
  "variant_id": "32_carry_trade",
  "run_id": "all_telemetry_20260210_121606_r00",
  "steps_logged": 400,
  "max_abs_roll": 0.4017963886725209,
  "max_abs_pitch": 0.5694200546937342,
  "upright_fraction": 1.0,
  "delta": {
    "dx": 32.221829411481885,
    "dy": -2.0721339562243455,
    "dz": -0.16360777887507294
  },
  "final_rpy": {
    "r": -0.021803793701521954,
    "p": -0.11226191732330211,
    "y": -0.4994720930976557
  }
}
