{
  "variant_id": "17_lamarr",
  "run_id": "persona_telemetry_20260210_115159_r00",
  "steps_logged": 400,
  "max_abs_roll": 1.6243634898041024,
  "max_abs_pitch": 0.9796945255248943,
  "upright_fraction": 0.2375,
  "delta": {
    "dx": -4.8626148810389145,
    "dy": 1.3054838047000261,
    "dz": -1.0000113699744309
  },
  "final_rpy": {
    "r": 1.5707978252978907,
    "p": 1.284249141314754e-06,
    "y": -1.1073488714809085
  }
}
