{
  "variant_id": "17_lamarr",
  "run_id": "definitive",
  "steps_logged": 4000,
  "max_abs_roll": 1.6275646014724927,
  "max_abs_pitch": 0.9814731747839592,
  "upright_fraction": 0.27525,
  "delta": {
    "dx": -4.862615024244793,
    "dy": 1.3054846994317137,
    "dz": -1.0000013656140916
  },
  "final_rpy": {
    "r": 1.5707978252978907,
    "p": 1.284249141314754e-06,
    "y": -1.1073488714809085
  }
}