{
  "variant_id": "19_haraway",
  "run_id": "definitive",
  "steps_logged": 4000,
  "max_abs_roll": 0.21590340638018746,
  "max_abs_pitch": 0.9649907614870079,
  "upright_fraction": 1.0,
  "delta": {
    "dx": 3.8910527801872443,
    "dy": 0.38625514569145225,
    "dz": 0.0882282111269923
  },
  "final_rpy": {
    "r": 4.380475680817648e-05,
    "p": -0.42352516279174324,
    "y": 0.08188025641198382
  }
}