{
  "variant_id": "86_breton_nadja",
  "run_id": "definitive",
  "steps_logged": 4000,
  "max_abs_roll": 0.016781870685885585,
  "max_abs_pitch": 0.3298403816421957,
  "upright_fraction": 1.0,
  "delta": {
    "dx": 12.300530933683131,
    "dy": -2.703017271307435,
    "dz": 0.12163451218963095
  },
  "final_rpy": {
    "r": -6.650658984581835e-06,
    "p": 0.29696280582957907,
    "y": -0.28107216236843
  }
}