{
  "variant_id": "78_ernst_celebes",
  "run_id": "persona_telemetry_20260210_115201_r00",
  "steps_logged": 400,
  "max_abs_roll": 0.009278062443559238,
  "max_abs_pitch": 0.27886693205189694,
  "upright_fraction": 1.0,
  "delta": {
    "dx": 3.4749182837091883,
    "dy": 5.986464874570101,
    "dz": -0.21400898999139417
  },
  "final_rpy": {
    "r": -2.2114681797908236e-05,
    "p": -0.12592551306989216,
    "y": 1.4928019519625924
  }
}
