{
  "variant_id": "78_ernst_celebes",
  "run_id": "definitive",
  "steps_logged": 4000,
  "max_abs_roll": 0.011279484133884462,
  "max_abs_pitch": 0.284207886465289,
  "upright_fraction": 1.0,
  "delta": {
    "dx": 3.4749181405033105,
    "dy": 5.986465769301788,
    "dz": -0.2139989856310549
  },
  "final_rpy": {
    "r": -2.2114681797908236e-05,
    "p": -0.12592551306989216,
    "y": 1.4928019519625924
  }
}