{
  "variant_id": "84_foucault_madness",
  "run_id": "persona_telemetry_20260210_115201_r00",
  "steps_logged": 400,
  "max_abs_roll": 0.06266858575072849,
  "max_abs_pitch": 0.40740612408732074,
  "upright_fraction": 1.0,
  "delta": {
    "dx": -14.116638514881279,
    "dy": 2.2161408562276557,
    "dz": 0.05067925300024423
  },
  "final_rpy": {
    "r": -0.019002014289711995,
    "p": -0.32536560946666904,
    "y": -0.36388035562562515
  }
}
