{
  "variant_id": "84_foucault_madness",
  "run_id": "definitive",
  "steps_logged": 4000,
  "max_abs_roll": 0.06268231710240604,
  "max_abs_pitch": 0.4075898081807281,
  "upright_fraction": 1.0,
  "delta": {
    "dx": -14.116638658087156,
    "dy": 2.216141750959343,
    "dz": 0.050689257360583495
  },
  "final_rpy": {
    "r": -0.019002014289711995,
    "p": -0.32536560946666904,
    "y": -0.36388035562562515
  }
}