{
  "variant_id": "20_mcclintock",
  "run_id": "definitive",
  "steps_logged": 4000,
  "max_abs_roll": 0.01852943994251384,
  "max_abs_pitch": 0.2443391165482748,
  "upright_fraction": 1.0,
  "delta": {
    "dx": 5.546824613417634,
    "dy": -1.0147633992036142,
    "dz": 0.07565983709033741
  },
  "final_rpy": {
    "r": 1.776884707824746e-05,
    "p": -0.21533141263438865,
    "y": -0.16702782781958608
  }
}