{
  "variant_id": "20_mcclintock",
  "run_id": "persona_telemetry_20260210_115159_r00",
  "steps_logged": 400,
  "max_abs_roll": 0.018052970927915808,
  "max_abs_pitch": 0.2443391165482748,
  "upright_fraction": 1.0,
  "delta": {
    "dx": 5.546824756623512,
    "dy": -1.0147642939353019,
    "dz": 0.07564983272999815
  },
  "final_rpy": {
    "r": 1.776884707824746e-05,
    "p": -0.21533141263438865,
    "y": -0.16702782781958608
  }
}
