{
  "variant_id": "82_deleuze_rhizome",
  "run_id": "persona_telemetry_20260210_115201_r00",
  "steps_logged": 400,
  "max_abs_roll": 0.1261400128249902,
  "max_abs_pitch": 0.5885244018070658,
  "upright_fraction": 1.0,
  "delta": {
    "dx": -9.563281658455855,
    "dy": 2.016404329183552,
    "dz": -0.09592398015532488
  },
  "final_rpy": {
    "r": -1.914480056151503e-05,
    "p": -0.11085769427443788,
    "y": -0.4120122512359334
  }
}
