{
  "variant_id": "82_deleuze_rhizome",
  "run_id": "definitive",
  "steps_logged": 4000,
  "max_abs_roll": 0.1263665071395456,
  "max_abs_pitch": 0.5909905820873971,
  "upright_fraction": 1.0,
  "delta": {
    "dx": -9.563281801661732,
    "dy": 2.0164052239152395,
    "dz": -0.09591397579498562
  },
  "final_rpy": {
    "r": -1.914480056151503e-05,
    "p": -0.11085769427443788,
    "y": -0.4120122512359334
  }
}