{
  "variant_id": "39_bulgarian",
  "run_id": "definitive",
  "steps_logged": 4000,
  "max_abs_roll": 0.0859266393057331,
  "max_abs_pitch": 0.5828796279436254,
  "upright_fraction": 1.0,
  "delta": {
    "dx": 16.517248467829145,
    "dy": -5.579165716311087,
    "dz": -0.1559913657847538
  },
  "final_rpy": {
    "r": -0.0006811963481158604,
    "p": -0.033057040000979664,
    "y": 0.014247376986546668
  }
}