{
  "variant_id": "39_bulgarian",
  "run_id": "all_telemetry_20260210_121607_r00",
  "steps_logged": 400,
  "max_abs_roll": 0.08466293574971975,
  "max_abs_pitch": 0.5824131637635581,
  "upright_fraction": 1.0,
  "delta": {
    "dx": 16.517248611035022,
    "dy": -5.5791666110427744,
    "dz": -0.15600137014509308
  },
  "final_rpy": {
    "r": -0.0006811963481158604,
    "p": -0.033057040000979664,
    "y": 0.014247376986546668
  }
}
