{
  "variant_id": "11_taleb_antifrag",
  "run_id": "persona_telemetry_20260210_115158_r00",
  "steps_logged": 400,
  "max_abs_roll": 0.035937111094455916,
  "max_abs_pitch": 0.3384997178186566,
  "upright_fraction": 1.0,
  "delta": {
    "dx": 4.787739458198617,
    "dy": -0.12394213353914822,
    "dz": -0.03931876367610476
  },
  "final_rpy": {
    "r": 9.976823330510877e-07,
    "p": 0.004371581246069039,
    "y": 0.14373333009240186
  }
}
