{
  "variant_id": "11_taleb_antifrag",
  "run_id": "definitive",
  "steps_logged": 4000,
  "max_abs_roll": 0.03621494707295168,
  "max_abs_pitch": 0.33871924601982506,
  "upright_fraction": 1.0,
  "delta": {
    "dx": 4.787739314992739,
    "dy": -0.12394123880746061,
    "dz": -0.039308759315765496
  },
  "final_rpy": {
    "r": 9.976823330510877e-07,
    "p": 0.004371581246069039,
    "y": 0.14373333009240186
  }
}