{
  "variant_id": "69_grunbaum_deflation",
  "run_id": "persona_telemetry_20260210_115200_r00",
  "steps_logged": 400,
  "max_abs_roll": 0.4272661819799852,
  "max_abs_pitch": 0.7226723316594574,
  "upright_fraction": 1.0,
  "delta": {
    "dx": -30.48028229564007,
    "dy": -6.992986309261056,
    "dz": -0.09094520730990308
  },
  "final_rpy": {
    "r": -0.00032308150086317046,
    "p": -0.19718329196642173,
    "y": -0.2954360829312813
  }
}
