{
  "variant_id": "69_grunbaum_deflation",
  "run_id": "definitive",
  "steps_logged": 4000,
  "max_abs_roll": 0.42769508691061964,
  "max_abs_pitch": 0.7238061766235581,
  "upright_fraction": 1.0,
  "delta": {
    "dx": -30.480282438845947,
    "dy": -6.992985414529368,
    "dz": -0.09093520294956381
  },
  "final_rpy": {
    "r": -0.00032308150086317046,
    "p": -0.19718329196642173,
    "y": -0.2954360829312813
  }
}