{
  "variant_id": "107_pacino_heat",
  "run_id": "persona_telemetry_20260210_112014_r00",
  "steps_logged": 400,
  "max_abs_roll": 0.34706634163720557,
  "max_abs_pitch": 0.5245592566396654,
  "upright_fraction": 1.0,
  "delta": {
    "dx": 23.70852015511473,
    "dy": -11.442788807234997,
    "dz": -0.04809564726912585
  },
  "final_rpy": {
    "r": -0.01947546529009599,
    "p": 0.0842042047998103,
    "y": 0.13748937241197257
  }
}
