{
  "variant_id": "6_fuller_trimtab",
  "run_id": "definitive",
  "steps_logged": 4000,
  "max_abs_roll": 0.004460445791536217,
  "max_abs_pitch": 0.18503380905994338,
  "upright_fraction": 1.0,
  "delta": {
    "dx": 5.214007450953715,
    "dy": -0.04807546034078855,
    "dz": 0.004156385280779995
  },
  "final_rpy": {
    "r": 4.225320388277152e-05,
    "p": -0.06972266159502756,
    "y": -0.014560880009135588
  }
}