{
  "variant_id": "100_kcramer_anthology",
  "run_id": "definitive",
  "steps_logged": 4000,
  "max_abs_roll": 0.3847781340655597,
  "max_abs_pitch": 0.5483361576406248,
  "upright_fraction": 1.0,
  "delta": {
    "dx": 32.320778798825565,
    "dy": -7.25395907429269,
    "dz": -0.07384497562816295
  },
  "final_rpy": {
    "r": 0.05437676809283452,
    "p": -0.11210292695086653,
    "y": 0.14912405419532915
  }
}