{
  "variant_id": "100_kcramer_anthology",
  "run_id": "persona_telemetry_20260210_112013_r00",
  "steps_logged": 400,
  "max_abs_roll": 0.3846470723231875,
  "max_abs_pitch": 0.5480882478183431,
  "upright_fraction": 1.0,
  "delta": {
    "dx": 32.320778942031446,
    "dy": -7.253959969024378,
    "dz": -0.07385497998850221
  },
  "final_rpy": {
    "r": 0.05437676809283452,
    "p": -0.11210292695086653,
    "y": 0.14912405419532915
  }
}
