{
  "variant_id": "93_borges_mirror",
  "run_id": "definitive",
  "steps_logged": 4000,
  "max_abs_roll": 0.0651031833356802,
  "max_abs_pitch": 0.5252725827161135,
  "upright_fraction": 1.0,
  "delta": {
    "dx": -21.614185013646576,
    "dy": 3.0020300166422786,
    "dz": -0.1170869070731233
  },
  "final_rpy": {
    "r": -8.128433586736451e-05,
    "p": -0.05105853029914571,
    "y": -0.248736564543955
  }
}