{
  "variant_id": "93_borges_mirror",
  "run_id": "persona_telemetry_20260210_115202_r00",
  "steps_logged": 400,
  "max_abs_roll": 0.0650616911400011,
  "max_abs_pitch": 0.523066402991719,
  "upright_fraction": 1.0,
  "delta": {
    "dx": -21.6141848704407,
    "dy": 3.0020291219105912,
    "dz": -0.11709691143346257
  },
  "final_rpy": {
    "r": -8.128433586736451e-05,
    "p": -0.05105853029914571,
    "y": -0.248736564543955
  }
}
