{
  "variant_id": "79_ernst_decalcomania",
  "run_id": "definitive",
  "steps_logged": 4000,
  "max_abs_roll": 0.07928548195143911,
  "max_abs_pitch": 0.46223852307807944,
  "upright_fraction": 1.0,
  "delta": {
    "dx": 0.7927829947688779,
    "dy": -2.7034089474486254,
    "dz": -0.009560010859420043
  },
  "final_rpy": {
    "r": 6.847770798731205e-05,
    "p": 0.2213909105769352,
    "y": 1.7833088880803394
  }
}