{
  "variant_id": "79_ernst_decalcomania",
  "run_id": "persona_telemetry_20260210_115201_r00",
  "steps_logged": 400,
  "max_abs_roll": 0.07928548195143911,
  "max_abs_pitch": 0.45989291512103564,
  "upright_fraction": 1.0,
  "delta": {
    "dx": 0.7927831379747559,
    "dy": -2.7034098421803128,
    "dz": -0.00957001521975931
  },
  "final_rpy": {
    "r": 6.847770798731205e-05,
    "p": 0.2213909105769352,
    "y": 1.7833088880803394
  }
}
