{
  "variant_id": "77_ernst_collage",
  "run_id": "definitive",
  "steps_logged": 4000,
  "max_abs_roll": 0.07604318678428766,
  "max_abs_pitch": 0.6784483322026201,
  "upright_fraction": 1.0,
  "delta": {
    "dx": 14.888046086093727,
    "dy": -5.816153158365099,
    "dz": 0.15052292313767035
  },
  "final_rpy": {
    "r": 0.00012495550750822915,
    "p": -0.544921476301372,
    "y": -0.5113344965206621
  }
}