{
  "variant_id": "77_ernst_collage",
  "run_id": "persona_telemetry_20260210_115201_r00",
  "steps_logged": 400,
  "max_abs_roll": 0.0737585111081039,
  "max_abs_pitch": 0.6741111312980725,
  "upright_fraction": 1.0,
  "delta": {
    "dx": 14.888046229299604,
    "dy": -5.816154053096787,
    "dz": 0.15051291877733108
  },
  "final_rpy": {
    "r": 0.00012495550750822915,
    "p": -0.544921476301372,
    "y": -0.5113344965206621
  }
}
