{
  "variant_id": "28_flash_crash",
  "run_id": "all_telemetry_20260210_121606_r00",
  "steps_logged": 400,
  "max_abs_roll": 0.06332238107730834,
  "max_abs_pitch": 0.39630201287025674,
  "upright_fraction": 1.0,
  "delta": {
    "dx": -13.131192502256187,
    "dy": -6.060766182932297,
    "dz": 0.003710185528730925
  },
  "final_rpy": {
    "r": 1.1367442987323113e-05,
    "p": 0.07520709174072276,
    "y": 0.5824681297014911
  }
}
