{
  "variant_id": "28_flash_crash",
  "run_id": "definitive",
  "steps_logged": 4000,
  "max_abs_roll": 0.06355356334467183,
  "max_abs_pitch": 0.4032575431511924,
  "upright_fraction": 1.0,
  "delta": {
    "dx": -13.131192645462065,
    "dy": -6.060765288200609,
    "dz": 0.003720189889070191
  },
  "final_rpy": {
    "r": 1.1367442987323113e-05,
    "p": 0.07520709174072276,
    "y": 0.5824681297014911
  }
}