{
  "variant_id": "42_polyrhythm",
  "run_id": "definitive",
  "steps_logged": 4000,
  "max_abs_roll": 0.15829092348597673,
  "max_abs_pitch": 0.2809541254541224,
  "upright_fraction": 1.0,
  "delta": {
    "dx": 10.222068209400465,
    "dy": -5.11051738945557,
    "dz": -0.17438630847218173
  },
  "final_rpy": {
    "r": -0.00018037637450493246,
    "p": -0.08738334172487539,
    "y": -0.412833787168979
  }
}