{
  "variant_id": "68_grunbaum_penrose",
  "run_id": "definitive",
  "steps_logged": 4000,
  "max_abs_roll": 0.25088898240316976,
  "max_abs_pitch": 0.6113092570053902,
  "upright_fraction": 1.0,
  "delta": {
    "dx": -22.70377937765485,
    "dy": 3.904123729158639,
    "dz": -0.005460370005373694
  },
  "final_rpy": {
    "r": 0.003908032483697326,
    "p": -0.01852343795643995,
    "y": -0.16466963627890369
  }
}