{
  "baselines": {
    "NC": {
      "dx": 60.19439441056053
    },
    "Trial 3": {
      "dx": 25.87498654296398
    },
    "Pelton": {
      "dx": 34.69809025896036
    },
    "Curie": {
      "dx": 23.727687487406673
    },
    "Noether": {
      "dx": -21.647397156494257
    }
  },
  "transplants": {
    "NC\u2192Trial 3@500": {
      "dx": 32.439724305265074
    },
    "NC\u2192Trial 3@1000": {
      "dx": 33.07238641392673
    },
    "NC\u2192Trial 3@2000": {
      "dx": 39.17326983775467
    },
    "NC\u2192Trial 3@3000": {
      "dx": 48.49375365737993
    },
    "NC\u2192Pelton@500": {
      "dx": 18.220713456211023
    },
    "NC\u2192Pelton@1000": {
      "dx": 25.493910955616645
    },
    "NC\u2192Pelton@2000": {
      "dx": 28.579013561148315
    },
    "NC\u2192Pelton@3000": {
      "dx": 49.27239208354464
    },
    "NC\u2192Noether@500": {
      "dx": -3.258290614673809
    },
    "NC\u2192Noether@1000": {
      "dx": 6.769512740572803
    },
    "NC\u2192Noether@2000": {
      "dx": 7.850608919973187
    },
    "NC\u2192Noether@3000": {
      "dx": 37.831548124824764
    },
    "Pelton\u2192Curie@500": {
      "dx": 16.128766780257212
    },
    "Pelton\u2192Curie@1000": {
      "dx": 30.960770146674548
    },
    "Pelton\u2192Curie@2000": {
      "dx": 25.2505588581977
    },
    "Pelton\u2192Curie@3000": {
      "dx": 32.002565724199016
    },
    "Trial 3\u2192NC@500": {
      "dx": 27.916942424629198
    },
    "Trial 3\u2192NC@1000": {
      "dx": 13.715091834785856
    },
    "Trial 3\u2192NC@2000": {
      "dx": 35.2042558947982
    },
    "Trial 3\u2192NC@3000": {
      "dx": 27.773769039021357
    },
    "Pelton\u2192Noether@500": {
      "dx": -17.105708153589166
    },
    "Pelton\u2192Noether@1000": {
      "dx": -6.851902370933519
    },
    "Pelton\u2192Noether@2000": {
      "dx": 7.338322583710471
    },
    "Pelton\u2192Noether@3000": {
      "dx": 18.464641316149873
    }
  },
  "ablations": {
    "NC_w03": {
      "dx": 26.203889008545445
    },
    "NC_w04": {
      "dx": 45.820499672942724
    },
    "NC_w13": {
      "dx": 25.76750710616072
    },
    "NC_w14": {
      "dx": 30.706765150875643
    },
    "NC_w23": {
      "dx": 45.85923390317186
    },
    "NC_w24": {
      "dx": 46.02928056083336
    },
    "Trial 3_w03": {
      "dx": 12.185114861278716
    },
    "Trial 3_w04": {
      "dx": 21.828635058789907
    },
    "Trial 3_w13": {
      "dx": 22.31162865612941
    },
    "Trial 3_w14": {
      "dx": 27.745291065669925
    },
    "Trial 3_w23": {
      "dx": 21.88269916703548
    },
    "Trial 3_w24": {
      "dx": 24.201981449090162
    },
    "Pelton_w03": {
      "dx": 26.852923234543454
    },
    "Pelton_w04": {
      "dx": 14.558776942721744
    },
    "Pelton_w13": {
      "dx": 28.62227229877542
    },
    "Pelton_w14": {
      "dx": 20.009031271336955
    },
    "Pelton_w23": {
      "dx": 26.32254110441168
    },
    "Pelton_w24": {
      "dx": 27.88397792726975
    },
    "Curie_w03": {
      "dx": 23.099916632039662
    },
    "Curie_w04": {
      "dx": 14.34780130764734
    },
    "Curie_w13": {
      "dx": 10.237073309212143
    },
    "Curie_w14": {
      "dx": 8.742958420827515
    },
    "Curie_w23": {
      "dx": 24.825038319333295
    },
    "Curie_w24": {
      "dx": 21.366277360958154
    },
    "Noether_w03": {
      "dx": -18.0076820928744
    },
    "Noether_w04": {
      "dx": -8.715210229578915
    },
    "Noether_w13": {
      "dx": -8.483350840670354
    },
    "Noether_w14": {
      "dx": -23.642810434216035
    },
    "Noether_w23": {
      "dx": -8.649322776630898
    },
    "Noether_w24": {
      "dx": -8.925744192400206
    }
  },
  "timing": {
    "NC \u2192 Trial 3": {
      "switch_steps": [
        100,
        200,
        300,
        400,
        500,
        600,
        700,
        800,
        900,
        1000,
        1100,
        1200,
        1300,
        1400,
        1500,
        1600,
        1700,
        1800,
        1900,
        2000,
        2100,
        2200,
        2300,
        2400,
        2500,
        2600,
        2700,
        2800,
        2900,
        3000,
        3100,
        3200,
        3300,
        3400,
        3500,
        3600,
        3700,
        3800,
        3900
      ],
      "dx_values": [
        26.12769510019119,
        27.733373929478233,
        8.856144669075434,
        9.74264391405319,
        32.439724305265074,
        11.601440713022855,
        11.568357668667167,
        10.551442724989316,
        32.12433102058179,
        33.07238641392673,
        17.34605872755256,
        29.71033900393223,
        28.505389049306764,
        18.78854850437186,
        30.560531389194434,
        31.25205302800342,
        34.309967476052236,
        27.23800220604867,
        39.44080799013716,
        39.17326983775467,
        36.37498597005542,
        37.28704373989752,
        29.64358053122251,
        42.24995064879043,
        43.883236936171365,
        45.26873852719614,
        38.30390124977223,
        44.10799134602051,
        44.58926128761557,
        48.49375365737993,
        46.75513935404577,
        50.47568096326975,
        52.04860496072839,
        54.74244428902997,
        55.83472707350416,
        56.54812239958777,
        58.32217734233224,
        58.20114865175238,
        60.177311722480056
      ]
    },
    "NC \u2192 Pelton": {
      "switch_steps": [
        100,
        200,
        300,
        400,
        500,
        600,
        700,
        800,
        900,
        1000,
        1100,
        1200,
        1300,
        1400,
        1500,
        1600,
        1700,
        1800,
        1900,
        2000,
        2100,
        2200,
        2300,
        2400,
        2500,
        2600,
        2700,
        2800,
        2900,
        3000,
        3100,
        3200,
        3300,
        3400,
        3500,
        3600,
        3700,
        3800,
        3900
      ],
      "dx_values": [
        20.176164828449476,
        17.22290442593862,
        21.6344591236163,
        21.12649527121006,
        18.220713456211023,
        14.364838853602732,
        7.618722529594111,
        30.689556004132676,
        35.09644561167977,
        25.493910955616645,
        25.36556835910775,
        20.387727899280012,
        23.91663536583824,
        20.824211679713592,
        20.76970062839837,
        32.211251756626645,
        27.671877532608043,
        25.581676796933394,
        34.201914549868675,
        28.579013561148315,
        36.747246349544234,
        32.63384534708152,
        32.15890611722705,
        38.30180727663411,
        43.89607625964887,
        48.22173679591353,
        43.57579351684948,
        36.57362949055494,
        41.706338489125656,
        49.27239208354464,
        53.049269500480385,
        53.88850958202108,
        53.421937868534286,
        56.87093627851596,
        51.05240332213297,
        54.78229405196603,
        58.7265250891347,
        59.45951653318778,
        59.848163539562215
      ]
    },
    "Trial 3 \u2192 NC": {
      "switch_steps": [
        100,
        200,
        300,
        400,
        500,
        600,
        700,
        800,
        900,
        1000,
        1100,
        1200,
        1300,
        1400,
        1500,
        1600,
        1700,
        1800,
        1900,
        2000,
        2100,
        2200,
        2300,
        2400,
        2500,
        2600,
        2700,
        2800,
        2900,
        3000,
        3100,
        3200,
        3300,
        3400,
        3500,
        3600,
        3700,
        3800,
        3900
      ],