{
  "verbs": {
    "n": 100,
    "dead_frac": 0.05,
    "median_dx": 1.5485268151295735,
    "max_dx": 25.12344760125848,
    "mean_speed": 0.4526616879653352,
    "mean_efficiency": 0.0013865995918820049,
    "mean_phase_lock": 0.8496990470342805
  },
  "theorems": {
    "n": 95,
    "dead_frac": 0.08421052631578947,
    "median_dx": 2.7924706600190845,
    "max_dx": 9.546181095404728,
    "mean_speed": 0.36060289678904195,
    "mean_efficiency": 0.0018186830442938476,
    "mean_phase_lock": 0.9044218294139013
  },
  "bible": {
    "n": 100,
    "dead_frac": 0.0,
    "median_dx": 1.5485268151295735,
    "max_dx": 29.16702982825942,
    "mean_speed": 0.33148951201396476,
    "mean_efficiency": 0.001031189863804339,
    "mean_phase_lock": 0.908425737519238
  },
  "places": {
    "n": 100,
    "dead_frac": 0.0,
    "median_dx": 1.175219123969025,
    "max_dx": 5.635555464743059,
    "mean_speed": 0.19649136324096567,
    "mean_efficiency": 0.0008679724692472671,
    "mean_phase_lock": 0.8838859604636582
  },
  "baseline": {
    "n": 100,
    "dead_frac": 0.08,
    "median_dx": 6.636855768702421,
    "max_dx": 27.7909644607243,
    "mean_speed": 1.080750475988398,
    "mean_efficiency": 0.0015243122459935596,
    "mean_phase_lock": 0.6128724860855634
  }
}