{
  "meta": {
    "timestamp": "2026-02-12T22:47:41Z",
    "n_gait_sims": 4,
    "n_sensitivity_sims": 36,
    "total_sims": 40,
    "total_time_s": 4.611198583967052
  },
  "gaits": {
    "Novelty Champion": {
      "weights": {
        "w03": -1.3083167156740476,
        "w04": -0.34279812804233867,
        "w13": 0.8331363773051514,
        "w14": -0.37582983217830773,
        "w23": -0.0369713954829298,
        "w24": 0.4375020967145814
      },
      "metrics": {
        "dx": 60.19439441056053,
        "dy": -41.82680423610346,
        "net_distance": 73.29970444046444,
        "mean_speed": 4.615965981109205,
        "speed_cv": 0.2665207531522084,
        "work_proxy": 8730.835297198077,
        "distance_per_work": 0.008395497331622781,
        "path_straightness": 0.9527761548127349,
        "heading_consistency": 0.946450761427182,
        "yaw_net_rad": 0.0676773960198428,
        "phase_lock": 0.7960356856164057,
        "delta_phi_rad": -3.0809927984381082,
        "contact_entropy": 0.9546843728527583,
        "duty_torso": 0.0,
        "duty_back": 0.2045,
        "duty_front": 0.037,
        "j0_freq": 2.2199999999999998,
        "j1_freq": 1.3199999999999998,
        "axis_dominance": [
          0.7725604778701561,
          0.15641563459435137,
          0.07102388753549249
        ]
      },
      "work_j0": 3387.468915519219,
      "work_j1": 5343.3663816788585
    },
    "Interp Super (t=0.52)": {
      "weights": {
        "w03": -0.9385044848858657,
        "w04": -0.3848503227053015,
        "w13": 0.4582647027148205,
        "w14": -0.1828319078658158,
        "w23": 0.13670137054217593,
        "w24": 0.3212781396887227
      },
      "metrics": {
        "dx": 68.20606718457549,
        "dy": 19.89027677964025,
        "net_distance": 71.04710206023552,
        "mean_speed": 4.459716052829213,
        "speed_cv": 0.2469369110694216,
        "work_proxy": 5707.699801759909,
        "distance_per_work": 0.012447589138855707,
        "path_straightness": 0.9558514768842225,
        "heading_consistency": 0.9538008007115486,
        "yaw_net_rad": 0.8036845539696776,
        "phase_lock": 0.8892063912539278,
        "delta_phi_rad": -2.8947482871190173,
        "contact_entropy": 0.8086375307696624,
        "duty_torso": 0.0,
        "duty_back": 0.1835,
        "duty_front": 0.0165,
        "j0_freq": 2.58,
        "j1_freq": 3.12,
        "axis_dominance": [
          0.70687416518602,
          0.22152629515863093,
          0.07159953965534911
        ]
      },
      "work_j0": 3079.347952181288,
      "work_j1": 2628.3518495786207
    },
    "w23-Half Variant": {
      "weights": {
        "w03": -1.3083167156740476,
        "w04": -0.34279812804233867,
        "w13": 0.8331363773051514,
        "w14": -0.37582983217830773,
        "w23": -0.0184856977414649,
        "w24": 0.4375020967145814
      },
      "metrics": {
        "dx": 68.36757534325758,
        "dy": -23.32002467106269,
        "net_distance": 72.23537159158921,
        "mean_speed": 4.458602402713942,
        "speed_cv": 0.3043245688736924,
        "work_proxy": 8769.560900476916,
        "distance_per_work": 0.008237056839146967,
        "path_straightness": 0.9720809251137733,
        "heading_consistency": 0.9683006715387362,
        "yaw_net_rad": -0.1026429434552722,
        "phase_lock": 0.8078126257138171,
        "delta_phi_rad": -2.9545383403016126,
        "contact_entropy": 1.0140322234343457,
        "duty_torso": 0.0,
        "duty_back": 0.23225,
        "duty_front": 0.03875,
        "j0_freq": 0.18,
        "j1_freq": 1.26,
        "axis_dominance": [
          0.7603510977288744,
          0.17110792924365834,
          0.06854097302746726
        ]
      },
      "work_j0": 3587.900618709823,
      "work_j1": 5181.660281767092
    },
    "Cliff Collapse (t=0.54)": {
      "weights": {
        "w03": -0.9242809375478586,
        "w04": -0.3864677148077232,
        "w13": 0.4438465613844232,
        "w14": -0.1754089107768738,
        "w23": 0.14338109231237228,
        "w24": 0.3168079874954205
      },
      "metrics": {
        "dx": -1.1053441889517597,
        "dy": -33.13864074048157,
        "net_distance": 33.15707007415997,
        "mean_speed": 3.9235671087042276,
        "speed_cv": 0.34358194859623903,
        "work_proxy": 6685.83166248426,
        "distance_per_work": 0.0049593037557633885,
        "path_straightness": 0.5070447826934723,
        "heading_consistency": 0.4641853618238898,
        "yaw_net_rad": -7.171323229962481,
        "phase_lock": 0.4588550235245702,
        "delta_phi_rad": -2.5538105363805497,
        "contact_entropy": 1.1046203266376455,
        "duty_torso": 0.035,
        "duty_back": 0.174,
        "duty_front": 0.03675,
        "j0_freq": 0.06,
        "j1_freq": 3.06,
        "axis_dominance": [
          0.6084132825573891,
          0.2105106350852927,
          0.18107608235731812
        ]
      },
      "work_j0": 3741.500644715674,
      "work_j1": 2944.3310177685858
    }
  },
  "sensitivity": {
    "Novelty Champion": {
      "w03": {
        "weight": -1.3083167156740476,
        "eps": 0.013083167156740476,
        "dx_plus": 68.05609470245686,
        "dx_minus": 19.91872258951946,
        "gradient": 1839.6681604781347,
        "abs_gradient": 1839.6681604781347,
        "delta_dx_plus": 7.861700291896334,
        "delta_dx_minus": -40.275671821041065
      },
      "w04": {
        "weight": -0.34279812804233867,
        "eps": 0.003427981280423387,
        "dx_plus": 15.311727776334084,
        "dx_minus": 22.874256168067937,
        "gradient": -1103.058589456447,
        "abs_gradient": 1103.058589456447,
        "delta_dx_plus": -44.88266663422644,
        "delta_dx_minus": -37.32013824249259
      },
      "w13": {
        "weight": 0.8331363773051514,
        "eps": 0.008331363773051515,
        "dx_plus": 20.85676742339085,
        "dx_minus": 10.547119441683533,
        "gradient": 618.72511287136,
        "abs_gradient": 618.72511287136,
        "delta_dx_plus": -39.33762698716968,
        "delta_dx_minus": -49.64727496887699
      },
      "w14": {
        "weight": -0.37582983217830773,
        "eps": 0.0037582983217830774,
        "dx_plus": 17.11397561619485,
        "dx_minus": 48.389567882564066,
        "gradient": -4160.87143549729,
        "abs_gradient": 4160.87143549729,
        "delta_dx_plus": -43.08041879436568,
        "delta_dx_minus": -11.804826527996461
      },
      "w23": {
        "weight": -0.0369713954829298,
        "eps": 0.00036971395482929796,
        "dx_plus": 40.66101414769931,
        "dx_minus": 24.78929468540202,
        "gradient": 21464.863923821165,
        "abs_gradient": 21464.863923821165,
        "delta_dx_plus": -19.533380262861215,
        "delta_dx_minus": -35.40509972515851
      },
      "w24": {
        "weight": 0.4375020967145814,
        "eps": 0.004375020967145814,
        "dx_plus": 28.343744236458445,
        "dx_minus": 10.044595092169198,
        "gradient": 2091.321308138471,
        "abs_gradient": 2091.321308138471,
        "delta_dx_plus": -31.850650174102082,
        "delta_dx_minus": -50.14979931839133
      }
    },
    "Interp Super (t=0.52)": {
      "w03": {
        "weight": -0.9385044848858657,
        "eps": 0.009385044848858657,
        "dx_plus": 33.895594956240416,
        "dx_minus": 40.477410562023586,
        "gradient": -350.65445673302264,
        "abs_gradient": 350.65445673302264,
        "delta_dx_plus": -34.31047222833507,
        "delta_dx_minus": -27.728656622551902
      },
      "w04": {
        "weight": -0.3848503227053015,
        "eps": 0.0038485032270530154,
        "dx_plus": 36.390563499658406,
        "dx_minus": 20.041998922442268,
        "gradient": 2124.0159631794077,
        "abs_gradient": 2124.0159631794077,
        "delta_dx_plus": -31.815503684917083,
        "delta_dx_minus": -48.16406826213322
      },
      "w13": {
        "weight": 0.4582647027148205,