{
  "variant_id": "41_blues_shuffle",
  "run_id": "all_telemetry_20260210_121607_r00",
  "steps_logged": 400,
  "max_abs_roll": 0.35353228702816725,
  "max_abs_pitch": 1.0256517906054423,
  "upright_fraction": 0.9875,
  "delta": {
    "dx": 10.825332885767455,
    "dy": 5.71049763480716,
    "dz": 0.03387984140171518
  },
  "final_rpy": {
    "r": -9.260428832767305e-05,
    "p": -0.41780558104364957,
    "y": 1.7458211590797132
  }
}
