{
  "variant_id": "41_blues_shuffle",
  "run_id": "definitive",
  "steps_logged": 4000,
  "max_abs_roll": 0.36338715009150324,
  "max_abs_pitch": 1.0317075394975224,
  "upright_fraction": 0.99575,
  "delta": {
    "dx": 10.825332742561578,
    "dy": 5.710498529538848,
    "dz": 0.03388984576205445
  },
  "final_rpy": {
    "r": -9.260428832767305e-05,
    "p": -0.41780558104364957,
    "y": 1.7458211590797132
  }
}