{
  "variant_id": "83_foucault_heterotopia",
  "run_id": "persona_telemetry_20260210_115201_r00",
  "steps_logged": 400,
  "max_abs_roll": 0.03826514912410001,
  "max_abs_pitch": 0.2571947654621081,
  "upright_fraction": 1.0,
  "delta": {
    "dx": 15.134163809497043,
    "dy": 0.6100720428060447,
    "dz": -0.018393592617733212
  },
  "final_rpy": {
    "r": 0.003531903108775073,
    "p": -0.062733783528133,
    "y": 0.05987046096206461
  }
}
