{
  "variant_id": "83_foucault_heterotopia",
  "run_id": "definitive",
  "steps_logged": 4000,
  "max_abs_roll": 0.038670079210319175,
  "max_abs_pitch": 0.26320664181561276,
  "upright_fraction": 1.0,
  "delta": {
    "dx": 15.134163666291165,
    "dy": 0.6100729375377323,
    "dz": -0.018383588257393946
  },
  "final_rpy": {
    "r": 0.003531903108775073,
    "p": -0.062733783528133,
    "y": 0.05987046096206461
  }
}